time_ms,pointer,middle,ring,pinkie
1982,663,592,444,477
2001,659,607,450,492
2021,604,527,416,500
2040,711,628,482,507
2060,729,652,489,503
2079,687,614,461,494
2099,669,596,444,490
2119,645,581,424,488
2138,581,513,383,482
2158,670,596,457,476
2177,727,674,494,477
2197,659,592,441,475
2216,645,594,438,475
2236,586,526,388,480
2255,603,533,404,479
2275,693,636,479,481
2294,712,642,471,483
2314,654,602,448,486
2333,645,580,431,484
2353,572,506,371,480
2372,606,542,411,480
2392,693,637,469,479
2411,671,616,444,478
2431,670,602,429,479
2451,655,589,423,480
2470,572,508,369,482
2490,628,556,420,482
2509,735,666,485,482
2529,681,611,437,479
2548,653,597,434,479
2568,645,589,423,478
2587,565,499,362,477
2607,626,562,414,479
2626,714,642,457,477
2646,660,593,425,480
2665,647,589,417,477
2685,642,590,414,477
2704,573,511,355,480
2724,669,601,417,479
2744,700,627,403,478
2763,668,607,344,480
2783,652,595,296,479
2802,650,584,232,476
2822,589,514,147,473
2841,684,602,186,474
2861,738,667,205,474
2880,670,617,112,476
2900,670,602,97,476
2919,608,528,80,480
2939,625,542,96,480
2978,649,602,207,444
2997,644,583,195,459
3017,653,595,208,478
3036,578,513,151,490
3056,623,552,197,496
3076,716,642,271,498
3095,674,613,261,490
3115,657,589,267,493
3134,644,579,292,487
3154,568,499,268,485
3173,617,555,379,488
3193,714,649,560,489
3212,673,617,645,495
3232,677,607,812,505
3251,695,633,927,524
3271,629,564,927,541
3290,690,606,927,535
3310,768,709,927,524
3329,684,604,926,515
3349,638,586,927,501
3369,619,566,931,492
3389,544,495,794,472
3409,629,581,746,455
3428,612,568,541,436
3448,550,506,360,420
3467,546,506,276,414
3487,485,424,220,419
3506,553,491,295,438
3526,684,611,419,453
3545,681,607,444,469
3565,676,599,463,486
3584,684,609,491,491
3604,592,523,446,498
3623,640,574,486,497
3643,736,672,553,493
3662,672,621,508,486
3682,646,599,496,485
3702,636,576,495,479
3721,550,499,427,477
3741,623,543,454,474
3760,703,637,493,470
3780,653,592,396,471
3799,646,593,334,466
3819,643,587,322,470
3838,584,511,303,472
3858,697,617,446,474
3877,721,647,546,481
3897,700,642,572,490
3916,704,625,613,494
3936,682,621,611,500
11939,555,501,351,482
11958,450,410,256,412
11978,492,449,264,397
11997,550,516,315,415
12017,516,475,306,410
12036,576,517,359,419
12056,589,519,377,423
12076,704,609,477,481
12095,868,760,601,569
12115,836,732,559,565
12134,750,668,496,539
12154,709,645,466,516
12173,623,560,407,496
12193,676,613,467,499
12212,778,705,540,506
12232,772,698,539,472
12251,755,685,532,426
12271,742,680,522,400
12290,634,569,432,356
12310,649,586,437,366
12329,702,648,463,394
12349,582,537,353,348
12369,535,501,319,350
12388,537,493,326,382
12408,502,440,305,404
12427,600,528,391,463
12447,726,643,476,510
12466,771,678,527,539
12486,821,721,575,553
12505,835,727,577,542
12525,769,671,540,519
12544,821,732,576,534
12564,808,737,551,532
12583,710,653,482,503
12603,656,611,437,486
12622,558,527,353,433
12642,452,422,275,382
12661,534,501,329,398
12681,620,577,389,426
12701,599,536,379,431
12720,647,573,415,452
12740,677,584,453,480
12759,767,662,547,535
12779,899,792,639,572
12798,882,782,616,550
12818,812,727,566,515
12837,721,685,528,485
12857,632,577,430,427
12876,608,569,415,394
12896,634,604,423,379
12933,589,543,423,380
12952,699,629,484,478
12972,773,697,544,552
12992,760,642,531,588
13011,823,731,587,630
13031,805,729,546,620
13050,728,667,500,575
13070,693,630,468,539
13089,647,593,434,507
13109,572,528,398,466
13128,651,597,453,467
13148,716,680,503,471
13167,662,611,453,441
13187,671,614,452,437
13206,613,553,415,397
13226,639,552,429,380
13245,734,656,490,405
13265,721,665,481,416
13285,683,629,457,425
13304,638,604,444,439
13324,594,527,404,437
13344,660,584,438,458
13364,722,665,490,486
13383,677,624,463,474
13403,670,601,451,467
13422,656,606,448,456
13442,599,522,409,424
13461,684,612,467,447
13481,720,641,485,449
13500,692,620,456,454
13520,672,607,460,451
13539,646,590,430,441
13559,613,535,418,433
13578,697,626,473,467
13598,751,702,530,495
13618,682,625,475,490
13637,679,613,476,497
13657,619,548,435,483
13676,632,563,448,495
13696,726,667,498,512
13715,713,654,483,495
13735,692,627,457,474
13754,677,610,445,460
13774,607,540,399,445
13793,636,567,436,459
13813,726,661,493,489
13832,694,632,470,485
13852,679,637,459,479
13871,684,622,458,476
13891,611,543,407,453
13975,487,439,256,350
13994,676,605,332,495
14014,826,740,461,603
14034,835,747,529,644
14053,819,723,562,651
14073,772,696,545,621
14092,691,599,485,581
14112,741,665,531,574
14131,755,715,527,542
14151,699,638,469,467
14170,670,623,452,412
14190,616,558,410,347
14209,602,536,406,317
14229,690,643,461,335
14248,726,682,472,344
14268,685,632,453,331
14287,683,617,461,341
14307,614,554,402,334
14327,646,570,438,349
14346,753,678,492,392
14366,714,654,469,392
14386,678,638,460,406
14406,670,627,457,425
14425,602,545,414,429
14445,691,620,480,465
14464,722,664,490,483
14484,702,642,460,478
14503,681,620,454,466
14523,663,608,441,455
14542,603,538,410,425
14562,695,619,471,444
14581,740,687,503,467
14601,687,616,457,461
14620,678,612,458,476
14640,618,563,414,470
14660,621,545,414,479
14679,710,660,484,524
14699,741,695,499,551
14718,677,633,459,563
14738,665,621,450,582
14757,589,534,396,556
14777,635,551,424,558
14796,721,660,497,565
14816,699,640,472,549
14835,681,626,459,542
14855,688,617,454,547
14874,610,530,402,530
14894,644,582,441,554
14913,739,673,497,587
14933,690,629,461,568
18975,520,470,327,326
18994,451,418,252,219
19014,493,470,264,162
19034,464,446,247,152
19053,495,463,286,190
19073,565,513,343,256
19092,549,476,352,324
19112,700,606,470,419
19131,890,787,630,528
19151,846,745,590,570
19170,740,665,492,564
19190,648,600,412,562
19209,499,458,309,559
19229,523,487,329,557
19248,623,602,404,550
19268,576,540,375,544
19287,593,550,391,540
19307,623,566,412,535
19327,577,506,388,528
19346,691,613,461,520
19366,746,682,508,530
19386,720,651,492,524
19406,743,677,522,533
19425,688,611,485,534
19445,723,638,513,525
19464,775,708,539,497
19484,719,668,492,465
19503,656,620,449,425
19523,571,546,365,350
19542,435,413,257,292
19562,465,439,275,286
19581,578,551,349,315
19601,567,528,347,341
19620,616,550,387,386
19640,688,623,465,456
19660,705,611,496,535
19679,751,661,511,553
19699,782,713,518,548
19718,683,617,434,533
19738,618,581,397,520
19757,590,552,373,497
19777,509,468,331,480
19796,618,566,411,471
19816,669,623,451,473
19835,710,648,496,512
19855,747,676,528,546
19874,735,670,516,551
19894,644,569,443,531
19913,696,632,465,514
19933,729,687,487,506
33829,675,605,469,191
33849,753,676,533,1
33869,874,789,631,2
33888,870,774,606,0
33908,817,740,566,2
33927,768,702,520,1
33947,652,599,435,1
33966,641,597,419,124
33986,694,655,436,420
34005,589,553,339,517
34025,540,511,306,552
34044,531,505,306,547
34064,503,455,299,482
34083,612,543,382,460
34103,746,676,487,447
34122,818,728,561,417
34142,881,776,627,399
34161,892,791,638,370
34181,807,712,561,291
34201,829,745,560,308
34220,781,721,513,304
34240,652,624,410,246
34259,539,523,318,196
34279,537,522,324,204
34298,481,455,286,173
34318,592,557,369,251
34337,683,633,431,318
34357,703,642,459,342
34376,808,723,558,433
34396,842,732,585,456
34415,849,748,599,471
34435,909,809,628,514
34454,877,798,584,488
34474,759,698,494,405
34494,683,647,440,343
34513,551,516,329,170
34533,506,487,297,48
34552,572,556,351,48
34572,569,537,337,31
34591,585,548,358,100
34611,644,590,404,231
34630,679,600,449,312
34650,826,722,574,440
34669,921,859,685,563
34689,919,819,638,521
34708,859,772,580,472
34728,792,721,520,419
34747,659,605,422,299
34767,612,576,384,236
34786,598,583,355,195
34824,593,554,410,140
34844,728,680,508,207
34864,768,680,545,178
34883,859,759,613,221
34903,923,849,665,323
34922,866,766,579,337
34942,792,716,515,381
34961,727,668,465,436
34981,610,552,396,450
35000,635,576,402,570
35020,664,629,425,678
35039,575,552,344,686
35059,507,493,285,696
35078,482,464,261,722
35098,436,404,233,715
35118,558,516,329,831
35137,635,581,388,885
35157,674,607,419,849
35176,708,636,452,776
35196,718,645,474,664
35215,786,690,558,590
35235,922,834,686,618
35254,925,916,754,624
35274,926,859,682,531
35293,888,793,607,479
35313,757,668,483,422
35332,663,609,427,425
35352,674,647,436,511
35371,652,633,420,562
35391,603,585,391,585
35411,595,565,381,644
35430,485,457,300,611
35450,487,457,280,679
35469,534,512,298,808
35489,523,497,289,848
35508,547,511,319,844
35528,601,552,371,790
35547,599,539,383,662
35567,727,631,492,644
35586,913,812,648,697
35606,921,805,651,648
35625,901,806,643,644
35645,863,773,605,641
35664,733,658,503,578
35684,717,657,481,626
35703,713,672,462,677
35723,622,596,397,652
35743,569,554,360,659
35762,522,512,318,690
35782,444,425,252,676
35820,593,560,396,807
35839,609,566,374,766
35859,653,600,399,720
35878,700,637,450,670
35898,739,640,501,602
35917,874,773,618,617
35937,925,866,700,651
35956,930,846,679,587
35976,894,797,637,529
35995,831,756,572,457
36015,694,633,463,334
36035,707,656,471,334
36054,678,642,437,319
36074,616,597,411,221
36093,602,591,401,167
36113,615,588,415,135
36132,599,551,396,116
36152,710,637,466,202
36171,775,717,512,239
36191,720,667,478,138
36210,719,652,481,90
36230,669,600,430,53
36249,662,595,436,105
36269,735,664,490,244
36288,744,702,489,334
36308,700,657,464,366
36327,698,637,452,448
36347,622,566,410,452
36367,651,582,431,535
36386,725,678,483,639
36406,692,635,447,614
36425,670,620,442,606
36445,677,626,437,585
36464,617,550,402,515
36484,664,603,442,534
36503,755,695,505,595
36523,717,673,472,502
36542,706,651,469,368
36562,701,637,457,170
36581,630,566,411,2
36601,684,612,448,1
36620,739,680,482,4
36640,704,645,460,0
36660,688,642,451,4
36679,685,625,456,0
36699,626,560,403,150
36718,706,649,467,563
36738,644,599,386,783
36757,506,494,271,829
36777,458,443,232,842
36816,465,428,310,732
36835,612,557,380,741
36855,745,677,470,753
36874,754,671,491,687
36894,790,703,530,664
36913,760,671,514,608
36933,798,700,557,626
36952,868,789,614,685
36972,849,777,581,662
36992,773,717,546,624
37011,751,699,513,614
37031,647,607,448,529
37050,664,608,455,545
37070,737,671,495,605
37089,683,649,465,578
37109,660,617,441,582
37128,653,611,440,550
37148,583,546,389,449
37167,650,592,427,447
37187,740,695,497,497
37206,708,653,466,436
37226,704,640,454,429
37245,689,629,461,435
37265,613,549,400,392
37285,658,606,436,431
37304,760,703,497,518
37324,693,634,457,448
37343,682,624,447,420
37363,675,620,440,400
37382,607,546,404,328
37402,687,637,461,384
37421,707,654,477,404
37441,678,625,456,366
37460,666,629,442,368
37480,657,618,432,359
37499,620,559,401,319
37519,697,634,464,385
37538,759,699,500,444
37558,689,636,463,373
37577,690,629,447,349
37597,620,560,408,267
37617,630,577,418,244
37636,702,664,481,304
37656,733,685,485,340
37675,683,631,452,356
37695,679,620,451,442
37714,611,556,391,472
37734,629,581,420,570
37753,709,658,461,668
37773,646,602,405,649
40816,688,601,439,605
40835,817,724,572,584
40855,921,891,721,599
40874,923,882,709,505
40894,871,790,593,772
40913,693,640,410,916
40933,500,467,251,918
40952,477,460,235,916
40972,523,515,279,915
40992,539,528,316,915
41011,594,568,370,917
41031,662,615,419,918
41050,665,590,427,915
41070,774,691,510,918
41089,809,733,533,915
41109,775,703,506,913
41128,748,686,475,916
41148,714,661,450,916
41167,649,598,406,917
41187,706,661,446,917
41206,742,703,475,915
41226,689,646,437,916
41245,684,639,436,913
41265,641,592,403,915
41285,651,590,420,915
41304,733,677,478,916
41324,759,701,483,917
41343,704,652,451,914
41363,697,651,449,916
41382,631,573,399,916
41402,662,605,430,915
41421,744,697,487,872
41441,725,680,468,670
41460,829,763,582,601
41480,910,819,674,559
41499,883,789,655,465
41519,901,812,649,519
41538,927,853,637,647
41558,798,729,502,637
41577,700,660,426,613
41597,647,617,408,536
41617,575,539,364,332
41636,625,607,406,200
41656,727,684,472,71
41675,712,672,473,0
41695,738,686,481,3
41714,747,693,491,1
41734,710,648,460,147
41753,792,713,506,652
41773,671,622,370,917
41812,503,489,282,821
41831,548,537,304,538
41851,664,606,430,194
41870,867,768,598,0
41890,931,878,692,3
41910,919,829,659,0
41929,876,787,600,3
41949,774,693,507,0
41968,706,641,466,0
41988,732,697,469,3
42007,704,681,447,1
42027,662,629,421,291
42046,607,586,362,771
42066,445,429,220,915
42085,435,417,207,915
42105,527,511,276,916
42124,558,533,308,917
42144,608,568,363,735
42163,773,699,514,570
42183,853,750,622,381
42202,920,846,729,257
42222,926,926,778,214
42242,921,860,674,207
42261,910,777,572,353
42281,804,702,467,636
42300,530,470,247,870
42320,423,405,172,916
42339,431,446,190,916
42359,419,436,206,918
42378,491,484,279,918
42398,582,552,361,917
42417,621,558,396,914
42437,766,688,500,875
42456,924,831,650,234
42476,924,897,735,2
42495,923,912,755,0
42515,927,875,701,0
42535,914,773,585,0
42554,898,752,548,0
42574,839,741,485,1
42593,716,640,404,0
42613,645,592,370,2
42632,565,531,348,513
42652,468,460,260,915
42671,490,489,258,917
42691,498,499,257,916
42710,505,495,282,917
42730,573,545,341,918
42749,579,529,360,914
42769,670,602,429,915
42897,773,727,339,0
42916,795,709,377,0
42936,869,783,552,1
42955,926,879,693,0
42975,924,823,678,0
42994,840,773,624,1
43014,769,711,557,3
43034,632,597,450,3
43053,645,606,434,3
43073,696,658,446,1
43092,663,632,410,0
43112,672,640,416,0
43131,671,648,432,0
43151,644,582,401,150
43170,733,657,470,444
43190,795,723,503,644
43209,695,643,420,665
43229,639,601,369,655
43248,620,581,367,649
43268,594,537,365,591
43287,700,656,453,654
43307,749,696,491,665
43327,748,691,508,619
43346,769,697,516,612
43366,727,679,496,561
43385,712,652,476,546
43405,761,709,515,584
43424,797,767,522,615
43444,714,674,465,549
43463,690,668,456,527
43483,630,586,407,477
43502,647,605,429,494
43522,736,686,484,568
43541,718,676,467,539
43561,699,653,460,525
43580,712,657,448,532
43600,641,599,410,489
43619,684,620,437,512
43639,757,716,500,570
43659,721,674,468,542
43678,719,666,455,540
43698,702,657,460,525
43717,636,595,413,473
43737,690,627,440,507
43756,769,729,502,567
43776,716,680,466,534
43795,710,659,455,527
43815,701,665,453,526
43834,633,589,410,474
43854,698,655,461,520
43943,588,566,255,425
43962,713,665,293,527
43982,808,737,435,580
44001,805,719,501,568
44021,881,794,602,619
44040,885,799,620,618
44060,800,727,573,571
44079,743,705,524,539
44099,700,662,478,507
44119,617,591,423,452
44138,670,651,449,504
44158,732,702,473,542
44177,683,638,430,492
44197,675,639,437,486
44216,633,601,405,451
44236,667,611,426,466
44255,749,705,484,528
44275,763,706,483,537
44294,736,674,465,517
44314,721,657,455,519
44333,652,599,417,460
44353,680,617,436,481
44372,740,687,488,534
44392,716,669,459,517
44411,705,662,446,504
44431,696,659,452,498
44451,627,596,408,451
44470,677,623,437,486
44490,757,711,498,542
44509,720,667,469,512
44529,697,661,459,501
44548,698,656,455,491
44568,645,589,408,452
44587,687,642,445,490
44607,753,704,486,542
44626,707,678,458,512
44646,704,659,454,511
44665,692,644,452,495
44685,632,591,411,452
44704,709,656,463,518
44724,733,683,480,529
44744,713,658,466,512
44763,707,661,460,511
44783,699,643,448,490
44802,646,594,423,459
44822,723,677,468,521
44841,763,728,511,569
44861,716,668,459,538
44880,710,653,455,544
44900,651,600,414,506
44982,560,534,259,596
45001,533,500,164,658
45021,593,553,239,757
45040,670,629,345,821
45060,659,614,390,795
45079,681,627,438,776
45099,699,643,471,739
45119,677,616,470,674
45138,769,704,537,709
45158,801,740,554,711
45177,765,711,515,689
45197,737,687,487,677
45216,697,647,456,654
45236,689,630,463,643
45255,772,717,524,682
45275,830,779,558,692
45294,772,721,524,650
45314,781,708,528,632
45333,723,665,492,586
45353,734,665,505,576
45372,790,742,544,604
45392,757,701,511,578
45411,711,674,478,549
45431,684,656,463,538
45451,615,569,408,487
45470,654,602,425,508
45490,725,693,481,546
45509,705,674,455,533
45529,701,654,444,530
45548,688,661,452,529
45568,639,579,407,479
45587,683,620,444,514
45607,757,718,503,575
45626,714,682,465,563
45646,698,663,462,581
45665,689,650,442,597
45685,628,569,409,568
45704,675,621,435,639
45724,705,662,441,663
45744,671,630,424,642
45763,668,624,421,642
45783,665,617,427,652
45802,627,577,400,617
45822,703,652,458,680
45841,710,660,450,676
45861,700,648,441,647
45880,707,664,447,641
45900,697,644,444,607
45919,686,625,447,597
45939,775,704,506,656
46036,590,553,250,509
46056,798,729,355,682
46076,809,743,436,676
46095,801,728,493,658
46115,798,727,543,658
46134,730,660,517,589
46154,764,676,550,618
46173,823,757,586,655
46193,767,718,548,611
46212,747,694,509,594
46232,722,688,484,566
46251,644,589,426,498
46271,681,628,433,508
46290,750,709,499,553
46310,707,657,454,506
46329,698,648,440,497
46349,695,650,439,489
46369,638,574,403,445
46388,698,633,457,470
46408,741,694,477,476
46427,710,664,461,447
46447,707,654,447,445
46466,696,641,449,454
46486,638,596,414,440
46505,723,666,480,500
46525,740,689,486,535
46544,717,668,458,532
46564,699,652,460,534
46583,663,605,429,514
46603,650,590,412,511
46622,713,663,464,561
46642,763,722,485,590
46661,700,652,451,567
46681,697,645,458,563
46701,649,580,410,522
46720,674,608,430,547
46740,743,687,502,620
46759,734,678,466,590
46779,709,681,460,562
46798,699,668,451,545
46818,644,589,415,480
46837,685,617,433,507
46857,752,703,489,571
46876,731,675,461,567
46896,704,660,461,563
46915,709,653,452,568
46935,636,582,405,523
46954,676,633,433,558
46974,773,718,492,611
46994,723,672,460,565
48082,532,521,322,719
48102,419,408,184,848
48121,459,447,215,917
48141,592,569,326,917
48161,616,578,359,915
48180,671,618,416,915
48200,715,656,461,918
48219,697,621,456,916
48239,767,695,505,915
48258,804,738,524,916
48278,751,697,490,916
48297,720,673,471,915
48317,697,653,452,917
48336,632,591,408,918
48356,705,658,454,793
48375,750,706,497,689
48395,819,745,569,638
48414,870,802,621,658
48434,864,769,606,617
48453,831,740,580,598
48473,860,791,587,650
48493,877,819,591,674
48512,770,724,515,570
48532,739,694,499,499
48551,681,625,441,367
48571,682,627,450,316
48590,748,693,496,344
48610,734,689,481,315
48629,724,672,466,362
48649,723,663,466,469
48668,661,600,425,530
48688,680,631,428,641
48707,715,672,439,689
48727,662,623,395,639
48746,652,623,415,625
48766,684,645,445,614
48786,664,594,434,562
48805,724,667,488,583
48825,815,757,550,615
48844,770,716,511,562
48864,746,704,491,544
48884,685,641,446,495
48904,653,614,424,481
48923,716,680,460,525
48943,766,723,497,557
48962,706,660,438,512
48982,688,658,447,510
49001,639,599,406,477
49021,668,616,431,492
49040,747,718,496,555
49129,591,562,264,412
49149,713,648,290,521
49168,753,677,394,561
49188,845,736,525,611
49207,897,810,619,656
49227,860,788,604,621
49246,791,740,557,579
49266,735,707,520,559
49286,643,600,451,497
49305,653,632,450,506
49325,721,694,477,551
49344,684,654,439,520
49364,668,644,436,512
49383,681,649,437,515
49403,646,604,417,482
49422,699,644,452,513
49442,770,708,487,553
49461,729,680,462,536
49481,729,666,458,532
49500,719,659,464,527
49520,667,603,425,496
49539,724,668,470,536
49559,738,700,474,545
49578,715,667,454,533
49598,706,664,448,526
49618,694,649,443,518
49637,661,620,426,497
49657,727,681,474,540
49676,767,731,507,569
49696,717,661,461,530
49715,698,667,455,526
49735,664,610,417,496
49754,673,617,426,501
49774,745,683,473,550
49793,728,692,471,537
49813,702,666,451,530
49832,703,657,451,527
49852,660,599,414,494
49871,690,625,452,517
49891,761,715,495,563
49911,737,682,470,540
49931,713,665,458,528
49951,697,661,454,521
49970,655,600,411,492
49990,717,666,475,533
50009,737,682,478,544
50029,706,674,457,533
50048,706,656,448,532
50068,682,637,432,511
50087,653,604,421,494
51210,568,550,252,408
51230,697,648,285,517
51249,804,727,428,585
51269,804,719,496,595
51288,835,760,560,618
51308,869,808,615,653
51327,806,745,549,599
51347,751,715,519,565
51367,720,674,481,558
51386,638,599,412,500
51406,645,634,424,513
51425,723,697,474,553
51445,696,657,446,525
51464,688,660,438,519
51484,688,650,431,522
51503,646,597,396,485
51523,688,646,435,518
51542,745,692,482,552
51562,717,663,466,536
51581,714,653,451,532
51601,704,650,445,531
51620,647,594,410,492
51640,705,662,459,539
51660,721,690,470,551
51679,707,655,452,540
51699,695,647,454,532
51718,685,642,445,519
51738,653,598,416,495
51757,721,685,464,547
51777,764,715,501,574
51796,711,666,457,534
51816,706,663,447,535
51835,662,603,417,500
51855,667,612,422,500
51874,735,679,479,549
51894,731,690,467,552
51913,703,652,457,533
51933,702,638,441,531
51952,638,590,400,486
51972,682,618,434,509
51992,743,707,482,561
52012,718,664,461,538
52032,710,665,453,535
52051,701,660,455,529
52071,654,608,409,492
52090,731,674,458,539
52110,737,696,468,554
52129,723,670,448,538
52149,707,653,455,529
52168,694,633,436,512
52249,577,557,264,414
52269,633,581,250,476
52288,753,676,393,563
52308,878,797,540,652
52327,869,792,565,641
52347,821,749,569,610
52367,774,716,539,584
52386,679,636,473,524
52406,691,642,456,527
52425,729,691,492,568
52445,687,655,444,533
52464,682,639,432,526
52484,666,645,434,516
52503,628,584,390,479
52523,670,629,425,511
52542,760,708,482,567
52562,714,682,461,531
52581,718,664,462,530
52601,712,662,454,537
52620,656,609,411,494
52640,700,653,456,530
52660,757,715,490,560
52679,701,670,456,532
52699,707,663,452,537
52718,695,645,451,530
52738,655,592,412,495
52757,714,669,464,539
52777,731,680,472,552
52796,709,666,458,533
52816,699,666,450,529
52835,681,631,422,511
52855,657,606,420,493
52874,726,675,469,545
52894,787,743,495,575
52913,706,668,452,530
52933,700,668,446,532
52952,638,603,408,493
52972,669,622,427,501
52992,743,701,485,571
53011,722,693,465,549
53031,708,673,452,539
53051,699,649,447,532
53071,641,586,415,493
53090,712,653,461,536
53110,746,709,485,556
53129,716,678,462,538
53149,720,672,454,536
53168,697,663,448,532
53188,648,597,415,496
53207,729,669,467,544
53295,592,559,259,436
53315,720,668,290,543
53334,810,729,425,611
53354,793,711,482,594
53373,845,740,559,617
53393,880,798,600,643
53412,791,718,546,594
53432,747,689,505,569
53452,694,664,480,550
53471,621,591,421,501
53491,689,647,452,539
53510,702,663,456,553
53530,680,658,441,537
53549,681,653,437,534
53569,685,648,428,516
53588,666,607,410,499
53608,730,675,470,547
53627,779,733,506,585
53647,723,683,459,540
53666,717,676,459,542
53686,665,606,411,504
53705,666,610,428,507
53725,747,692,472,563
53744,740,688,467,558
53764,704,665,460,537
53784,701,667,444,532
53803,650,602,409,493
53823,679,629,435,512
53842,751,702,491,568
53862,724,677,466,541
53881,706,658,454,535
53901,708,657,444,528
53920,646,585,397,484
53940,680,618,429,514
53959,757,695,493,560
53979,706,656,454,528
53998,691,655,443,520
54018,680,636,437,518
54037,624,581,393,485
54057,674,634,433,523
54077,734,675,469,547
54097,698,648,456,527
54117,706,658,448,531
54136,648,601,412,488
54156,670,624,427,504
54175,749,688,485,558
54195,748,677,465,555
54214,715,657,461,537
54234,695,653,455,531
54253,641,582,412,490
54334,558,540,270,419
54354,638,579,251,485
54373,770,707,415,585
54393,905,828,567,675
54412,848,776,562,637
54432,833,759,548,614
54452,785,715,536,596
54471,700,642,476,537
54491,724,682,505,562
54510,729,691,492,561
54530,684,652,449,533
54549,681,638,434,523
54569,664,626,431,513
54588,634,598,410,488
54608,730,669,460,546
54627,749,707,479,564
54647,712,654,453,534
54666,720,667,450,540
54686,668,617,425,503
54705,668,614,419,505
54725,729,676,469,552
54744,739,697,473,553
54764,707,656,451,536
54784,700,660,443,539
54803,645,594,402,493
54823,671,603,428,506
54842,752,681,477,558
54862,711,663,458,535
54881,696,643,450,526
54901,698,649,438,528
54920,628,568,404,481
54940,667,610,430,507
54959,746,695,482,560
54979,707,660,454,529
54998,698,648,439,529
55018,696,656,447,525
55037,649,582,408,488
55057,694,626,431,519
55077,753,689,480,563
55096,718,668,452,538
55116,701,646,449,530
55136,644,598,405,500
55156,655,593,424,500
55175,732,683,471,550
55195,734,695,473,553
55214,707,649,454,541
55234,695,652,455,536
55253,636,581,409,486
55273,666,608,435,508
55292,738,701,477,551
55379,580,566,255,430
55399,702,646,292,529
55418,796,720,420,605
55438,794,695,479,594
55457,851,741,563,629
55477,864,781,597,638
55496,778,721,551,587
55516,733,684,513,567
55536,688,651,476,540
55555,615,581,409,486
55575,681,643,444,538
55594,695,649,455,544
55614,683,640,431,522
55633,672,626,431,518
55653,654,597,412,495
55672,640,590,408,494
55692,731,658,461,552
55711,784,725,493,572
55731,717,658,449,535
55750,692,660,446,539
55770,653,593,401,493
55789,659,600,427,507
55809,721,687,481,566
55828,712,671,457,541
55848,696,663,446,533
55868,694,647,446,525
55887,643,592,404,489
55907,681,614,429,516
55926,750,686,487,561
55946,708,665,457,536
55965,709,651,446,535
55985,690,650,449,536
56004,639,580,399,492
56024,682,620,427,517
56043,743,703,481,556
56063,706,656,449,528
56082,698,642,441,523
56102,686,652,444,528
56121,640,585,405,495
56141,703,655,456,537
56161,740,685,473,554
56181,711,654,444,534
56201,692,657,447,533
56220,641,581,408,487
56240,658,604,415,507
56259,745,698,474,550
56279,708,663,458,546
56298,694,642,449,528
56318,682,642,447,530
56337,635,585,398,491
57451,509,509,246,245
57471,567,543,237,344
57491,717,643,395,437
57510,863,776,548,503
57530,856,759,579,520
57549,824,755,571,527
57569,787,718,540,515
57588,672,625,461,467
57608,674,623,460,415
57627,687,673,464,349
57647,650,622,416,295
57666,626,612,402,273
57686,631,603,411,292
57705,598,566,377,338
57725,686,631,446,418
57744,729,671,469,470
57764,726,663,455,508
57784,713,653,458,530
57803,689,636,439,526
57823,662,592,411,520
57842,702,667,457,536
57862,756,700,484,550
57881,689,638,442,525
57901,675,647,436,533
57920,626,595,404,518
57940,655,610,415,544
57959,725,683,466,593
57979,717,679,463,580
57998,704,649,445,579
58018,681,644,446,564
58037,637,586,399,538
58057,662,607,423,557
58077,740,695,484,589
58096,721,665,453,573
58116,704,649,453,557
58135,699,650,442,549
58155,645,585,408,510
58174,671,623,437,533
58194,752,699,494,566
58213,696,675,453,538
58233,699,658,452,531
58252,689,659,444,536
58272,633,579,407,518
58291,692,633,441,563
58311,730,680,469,591
58330,702,660,445,597
58350,679,648,432,634
58369,668,626,414,657
58389,578,534,346,653
58409,627,595,381,680
58447,584,571,381,608
58467,678,627,431,644
58487,697,629,433,631
58506,714,640,465,626
58526,811,740,542,649
58545,871,796,576,640
58565,780,714,520,598
58584,758,705,508,577
58604,676,623,440,537
58623,670,616,433,532
58643,748,694,483,558
58662,695,660,448,536
58682,678,643,432,528
58702,662,628,436,525
58721,610,573,384,510
58741,654,616,418,531
58760,750,694,479,576
58780,720,666,459,536
58799,718,660,453,511
58819,716,655,451,491
58838,637,583,411,452
58858,677,632,437,447
58877,751,700,482,414
58897,713,656,455,348
58916,692,654,443,311
58936,687,639,438,300
58955,613,579,406,300
58975,685,648,446,343
58994,721,682,467,355
59014,713,665,450,362
59034,704,648,442,370
59053,687,638,447,370
59073,648,583,403,375
59092,719,657,452,408
59112,752,706,483,428
59131,708,657,444,430
59151,685,654,443,458
59170,637,608,407,470
59190,642,592,406,501
59209,721,674,455,530
59229,727,689,468,528
59248,692,647,448,522
59268,691,643,437,521
59287,638,580,392,513
59307,662,598,426,532
59327,744,693,481,554
59346,722,681,461,546
59366,704,646,453,535
59385,687,649,453,532
59405,622,588,398,520
59485,557,533,272,414
59504,621,563,233,508
59524,731,660,381,603
59543,857,771,528,653
59563,847,773,554,644
59582,817,731,551,622
59602,765,698,530,590
59621,680,611,453,557
59641,677,627,467,555
59661,737,694,487,551
59680,675,643,444,523
59700,663,629,437,515
59719,659,620,421,519
59739,599,568,387,522
59758,663,607,416,558
59778,728,672,461,578
59797,701,659,448,570
59817,693,649,452,566
59836,706,644,439,562
59856,651,597,400,525
59875,710,664,455,542
59895,725,684,475,529
59914,718,664,448,515
59934,700,650,445,521
59953,697,643,435,519
59973,641,594,414,527
59993,717,662,456,576
60012,758,717,494,602
60032,701,649,442,576
60051,696,642,446,571
60071,647,592,404,538
60090,653,605,421,551
60110,730,680,477,597
60129,719,676,466,598
60149,698,648,453,587
60168,686,635,437,590
60188,632,574,392,563
60207,655,608,422,581
60227,747,681,475,611
60246,717,678,459,583
60266,712,659,448,585
60286,696,653,452,584
60305,648,585,399,562
60325,673,618,433,596
60344,748,708,480,645
60364,712,658,444,622
60383,695,659,437,615
60403,687,649,435,603
,,581,396,561
60442,700,630,448,584
60527,624,595,308,469
60546,711,677,310,565
60566,796,720,431,637
60585,815,736,496,655
60605,744,661,487,633
60624,761,694,526,636
60644,817,747,565,616
60663,766,703,526,581
60683,721,689,500,552
60702,696,659,476,527
60722,626,577,403,494
60742,652,613,432,490
60761,716,678,473,488
60781,687,641,445,472
60800,687,641,438,473
60820,687,645,440,482
60839,650,589,407,491
60859,725,662,470,522
60878,742,684,476,528
60898,718,671,466,517
60917,708,661,460,505
60937,686,643,441,498
60956,644,586,405,480
60976,708,670,454,521
60995,766,720,492,543
61015,712,665,451,513
61035,707,660,450,512
61054,648,600,421,500
61074,659,622,422,544
61093,728,688,477,611
61113,748,705,474,647
61132,691,646,434,644
61152,671,628,416,644
61171,594,553,364,615
61191,633,599,396,637
61210,722,676,462,663
61230,724,677,472,639
61249,737,677,477,626
61269,733,678,489,613
61288,682,619,437,575
61308,702,660,460,577
61327,770,719,511,597
61347,735,681,468,568
61367,708,669,459,563
61386,692,658,445,559
61406,631,581,406,531
61425,685,631,430,558
61445,741,688,475,580
61464,696,664,456,570
61484,700,652,446,576
61570,580,555,249,515
61589,636,585,248,608
61609,740,682,372,689
61628,760,700,431,688
61648,719,654,434,662
61667,688,641,446,666
61687,665,625,429,667
61706,600,557,391,675
61726,654,615,419,724
61745,675,648,434,752
61765,650,616,405,731
61785,665,626,413,719
61804,639,596,401,668
61824,691,632,452,660
61843,842,767,574,685
61863,923,831,631,643
61882,926,839,665,595
61902,922,830,655,532
61921,841,742,565,419
61941,804,718,523,339
61960,795,730,521,293
61980,713,668,456,233
61999,653,629,412,268
62019,632,614,405,407
62038,578,566,368,554
62058,602,573,370,681
62077,610,595,351,697
62097,591,566,337,649
62117,662,626,405,629
62136,750,690,483,590
62156,750,662,492,520
62175,811,724,550,502
62195,879,788,589,485
62214,804,735,532,431
62234,750,692,481,403
62253,697,661,442,388
62273,613,567,391,377
62292,671,635,432,449
62312,693,655,439,494
62331,667,643,433,520
62351,677,643,443,556
62370,682,630,430,589
62390,650,591,407,589
62410,717,665,473,635
62429,763,709,488,651
62449,710,670,455,598
62468,711,665,455,584
62488,665,612,421,533
62507,675,616,444,514
62527,752,710,494,511
62615,598,571,244,332
62635,717,661,303,454
62655,769,681,401,518
62674,847,757,530,580
62694,919,833,639,610
62713,868,791,604,565
62733,799,749,565,514
62752,745,693,522,462
62772,634,610,432,394
62791,632,611,432,379
62811,700,683,463,389
62830,672,639,429,368
62850,684,637,433,398
62869,686,652,445,463
62889,643,603,410,537
62909,697,635,438,653
62928,698,655,414,693
62948,608,588,345,665
62967,574,551,325,659
62987,599,580,358,670
63006,582,553,356,644
63026,728,674,473,684
63045,794,724,519,664
63065,826,744,554,633
63084,852,784,581,596
63104,833,772,574,556
63123,764,684,518,502
63143,785,735,524,520
63162,781,752,515,523
63182,689,656,446,489
63202,659,631,429,486
63221,605,579,377,474
63241,611,564,395,500
63260,692,667,451,559
63280,720,673,462,562
63299,710,661,445,557
63319,714,656,455,563
63338,650,595,408,525
63358,682,628,432,548
63377,746,693,481,575
63397,733,684,465,563
63416,718,658,449,551
63436,705,654,446,551
63455,638,589,411,510
63475,680,627,438,531
63494,764,716,488,576
63514,722,681,461,549
63534,703,651,460,544
63553,695,658,452,539
63573,651,595,404,515
63655,522,485,230,401
63674,658,601,264,516
63694,817,758,445,632
63713,862,778,527,646
63733,843,771,555,634
63752,817,738,564,616
63772,722,653,498,553
63791,717,658,505,554
63811,756,712,513,580
63830,704,667,470,553
63850,674,636,443,578
63869,666,629,432,627
63889,570,545,342,640
63909,538,519,300,685
63928,556,548,297,766
63948,511,501,266,788
63967,540,522,295,828
63987,599,566,352,851
64006,613,560,367,824
64026,724,654,458,869
64045,794,720,509,888
64065,782,711,501,867
64084,768,703,491,848
64104,737,683,472,824
64123,671,617,424,764
64143,724,676,464,782
64162,724,688,472,762
64182,694,658,443,701
64202,702,662,453,688
64221,681,630,431,647
64241,703,649,467,664
64260,786,724,523,704
64280,832,764,540,700
64299,778,721,516,669
64319,796,740,520,661
64338,738,669,489,612
64358,759,707,510,642
64377,845,773,562,673
64397,796,746,533,629
64416,783,723,523,616
64436,770,713,516,588
64455,703,651,460,522
64475,722,664,464,526
64494,770,733,509,551
64514,724,696,475,508
64534,726,683,468,482
64553,710,676,459,480
64573,668,608,417,436
64592,704,657,455,464
64612,778,725,503,503
64702,620,593,259,397
64722,698,641,284,465
64742,818,742,452,573
64761,921,851,603,667
64781,899,799,601,634
64800,850,768,587,610
64820,799,737,563,596
64839,702,643,491,550
64859,712,665,479,583
64878,755,718,500,647
64898,687,656,451,613
64917,668,646,433,596
64937,678,643,437,546
64956,645,595,400,452
64976,726,678,470,410
64995,767,701,488,340
65015,742,700,482,284
65035,736,692,481,262
65054,722,677,464,280
65074,668,620,428,291
65093,739,685,470,380
65113,768,720,500,444
65132,719,672,466,458
65152,712,661,463,490
65171,664,618,428,488
65191,672,611,420,518
65210,726,680,476,565
65230,754,701,480,576
65249,711,660,450,553
65269,705,660,448,551
65288,651,601,402,515
65308,673,627,436,528
65327,744,707,485,570
65347,736,684,463,551
65367,719,669,452,544
65386,701,650,458,541
65406,650,591,401,502
65425,677,626,431,523
65445,757,700,488,576
65464,725,673,453,550
65484,707,661,453,543
65503,707,662,446,539
65523,649,591,415,518
65542,690,652,441,545
65562,762,708,488,581
65581,716,679,464,551
65601,724,663,449,548
65620,700,666,446,544
65640,648,605,401,518
65660,716,658,451,561
