time_ms,pointer,middle,ring,ecg
0,1319,2001,4095,2952
5,1343,2008,4095,573
9,1349,1997,4095,890
13,1307,1980,4095,2926
17,1269,1943,4095,2823
21,1256,1931,4095,1069
25,1237,1902,4095,1045
29,1199,1855,4095,2909
33,1148,1821,4095,2972
37,1144,1806,4095,1164
41,1147,1791,4095,983
45,1127,1763,4095,2748
49,1093,1717,4095,3303
53,1097,1703,4095,1723
57,1130,1703,4095,1177
61,1129,1684,4095,2591
65,1115,1671,4095,3555
69,1125,1660,4095,2069
73,1173,1661,4095,973
77,1199,1659,4095,1983
81,1208,1659,4095,3383
85,1225,1646,4095,2365
89,1301,1685,4095,1263
93,1351,1695,4095,1982
97,1379,1693,4095,3631
101,1419,1722,4095,2913
105,1503,1754,4095,1301
109,1591,1791,4095,1596
113,1651,1819,4095,3401
117,1721,1863,4095,2874
121,1845,1928,4095,955
125,1967,1983,4095,1135
129,2074,2029,4095,3049
133,2184,2084,4075,3019
137,2325,2147,4095,1190
141,2491,2207,4095,1017
145,2619,2275,4095,2580
149,2759,2316,4095,2780
153,2915,2387,4095,1125
157,3083,2454,4095,597
161,3257,2506,4095,1837
165,3388,2551,4095,2649
169,3565,2605,4095,1432
173,3773,2653,4095,568
177,3955,2682,4095,1549
181,4095,2715,4095,2638
185,4095,2725,4095,1619
189,4095,2765,4095,660
193,4095,2766,4095,1399
197,4095,2763,4095,3047
201,4095,2751,4095,1960
205,4095,2749,4095,142
209,4095,2731,4095,669
213,4095,2700,4095,2517
217,4095,2661,4095,2203
221,4095,2629,4095,479
225,4095,2589,4095,600
229,4095,2534,4095,2611
233,4095,2471,4095,2775
237,4095,2427,4095,1063
241,4095,2365,4095,704
245,4095,2298,4095,2281
249,4012,2230,4095,2632
253,3880,2165,4095,982
257,3783,2120,4095,555
261,3645,2056,4095,2149
265,3485,1975,4095,3035
269,3365,1915,4095,1589
273,3285,1864,4095,725
277,3195,1801,4095,1845
281,3060,1724,4095,3099
285,2966,1677,4095,2001
289,2887,1646,4095,750
293,2811,1599,4095,1448
297,2699,1555,4095,3000
301,2600,1512,4095,2253
305,2541,1493,4095,715
309,2479,1477,4095,1247
313,2379,1444,4095,3223
317,2287,1421,4095,2796
321,2234,1413,4095,954
325,2183,1415,4095,1017
329,2110,1417,4095,2941
333,2031,1403,4095,2943
337,1993,1419,4095,1211
341,1962,1435,4095,1059
345,1907,1435,4095,2749
349,1835,1451,4095,3092
353,1806,1461,4095,1451
357,1786,1485,4095,1061
361,1753,1515,4095,2556
365,1688,1523,4095,3259
369,1660,1545,4095,1750
373,1672,1574,4095,887
377,1652,1587,4095,2014
381,1610,1589,4095,3311
385,1613,1611,4095,2201
389,1629,1651,4095,957
393,1643,1675,4095,1830
397,1629,1681,4095,3403
401,1626,1691,4095,2570
405,1661,1719,4095,905
409,1689,1749,4095,1323
413,1681,1764,4095,3123
417,1674,1762,4095,2707
421,1703,1783,4095,891
425,1724,1805,4095,1074
429,1723,1802,4095,3079
433,1704,1811,4095,2995
437,1720,1811,3659,1081
441,1739,1838,3286,923
445,1728,1833,2973,2839
449,1704,1821,2685,3182
453,1707,1831,2442,1330
457,1737,1845,2211,777
461,1735,1835,1997,2447
465,1708,1835,1787,3175
469,1705,1842,1619,1435
473,1740,1847,1466,616
477,1746,1853,1325,2040
481,1721,1843,1191,3399
485,1724,1845,1085,1961
489,1768,1851,1005,581
493,1781,1853,955,1546
497,1769,1843,831,3346
501,1768,1839,766,2489
505,1817,1848,713,868
509,1865,1849,662,1462
513,1855,1831,597,3495
517,1851,1823,549,2924
521,1907,1823,507,953
525,1947,1827,477,1111
529,1947,1817,455,3171
533,1947,1791,411,3143
537,1979,1799,395,1119
541,1997,1797,399,925
545,1999,1779,388,2833
549,1977,1763,364,3129
553,1989,1757,381,1150
557,1999,1755,389,728
561,1994,1745,405,2681
565,1943,1715,404,3759
569,1925,1715,413,1913
573,1932,1711,445,795
577,1925,1709,469,2106
581,1868,1686,485,3463
585,1848,1687,499,2087
589,1845,1693,534,731
593,1835,1691,571,1734
597,1775,1664,575,3496
601,1747,1661,604,2386
605,1751,1673,635,611
609,1725,1681,665,1299
613,1683,1657,686,3512
617,1627,1651,696,2869
621,1640,1659,746,731
625,1635,1671,766,937
629,1592,1661,799,3146
633,1555,1651,797,2997
637,1553,1668,838,995
641,1555,1683,888,993
645,1516,1670,901,3081
649,1467,1657,904,3407
653,1463,1672,933,1311
657,1477,1689,959,756
661,1443,1688,989,2579
665,1399,1683,985,3527
669,1388,1687,1004,1691
673,1399,1699,1047,729
677,1369,1709,1055,2174
681,1331,1699,1059,3625
685,1301,1695,1077,2204
689,1319,1722,1102,965
693,1309,1720,1101,2408
697,1259,1709,1091,4095
701,1228,1709,1087,3673
705,1240,1734,1099,2041
709,1247,1741,1097,2555
713,1207,1727,1066,4095
717,1178,1719,1049,3496
721,1194,1746,1035,1035
725,1210,1756,1015,1001
729,1189,1746,983,3077
733,1160,1725,935,2917
737,1171,1736,909,874
741,1193,1753,873,856
745,1190,1741,811,2995
749,1163,1711,760,3239
753,1171,1723,717,1093
757,1204,1728,676,615
761,1199,1715,627,2461
765,1188,1703,575,3343
769,1207,1704,543,1526
773,1245,1704,519,595
777,1263,1705,483,2165
781,1252,1679,440,3687
785,1257,1671,412,1983
789,1300,1677,411,457
793,1331,1675,406,1605
797,1316,1655,391,3422
,1837,1689,3514
2399,1293,1829,1639,3253
2403,1309,1837,1619,873
2407,1316,1865,1581,803
2411,1301,1845,1541,3039
2415,1266,1844,1498,3388
2419,1263,1852,1477,1135
2423,1277,1875,1463,682
2427,1265,1867,1431,2675
2431,1224,1853,1385,3644
2435,1209,1861,1365,1629
2439,1238,1880,1358,636
2443,1224,1881,1337,2359
2447,1175,1864,1306,3944
2451,1145,1865,1293,2126
2455,1165,1878,1301,681
2459,1160,1875,1297,1865
2463,1111,1862,1271,3879
2467,1079,1855,1251,2551
2471,1095,1874,1255,717
2475,1091,1876,1257,1496
2479,1042,1864,1239,3896
2483,1004,1861,1225,3115
2487,1004,1879,1233,928
2491,999,1895,1241,1261
2495,940,1885,1224,3820
2499,875,1891,1211,3469
2503,845,1916,1235,1049
2507,821,1947,1244,979
2511,743,1971,1263,3391
2515,660,1983,1261,3699
2519,613,2027,1293,1251
2523,581,2088,1341,738
2527,519,2125,1372,2718
2531,435,2155,1401,3535
2535,395,2212,1463,1429
2539,403,2271,1531,405
,2863,3047,297
5906,1560,2905,3171,423
5910,1555,2930,3256,3052
5914,1540,2952,3355,2880
5918,1555,2979,3463,411
5922,1595,2991,3558,383
5926,1591,2998,3643,2974
5930,1575,2982,3699,3323
5934,1612,2986,3775,713
5938,1647,2975,3833,125
5942,1656,2955,3859,2383
5946,1643,2909,3868,3417
5950,1661,2887,3869,1179
5954,1705,2853,3884,213
5958,1723,2815,3871,1967
5962,1711,2766,3816,3537
5966,1725,2724,3758,1727
5970,1772,2696,3737,255
5974,1787,2648,3687,1527
5978,1781,2585,3579,3663
5982,1783,2532,3498,2211
5986,1819,2495,3452,157
5990,1835,2459,3388,1041
5994,1812,2389,3275,3731
5998,1805,2324,3193,2833
6002,1839,2297,3129,422
6006,1855,2265,3065,778
6010,1838,2205,2969,3466
6014,1823,2149,2887,3129
6018,1832,2123,2813,587
6022,1853,2089,2761,530
6026,1835,2044,2671,3119
6030,1807,1999,2589,3516
6034,1813,1981,2533,907
6038,1832,1963,2480,375
6042,1819,1943,2421,2675
6046,1775,1901,2348,3772
6050,1773,1886,2288,1415
6054,1799,1886,2257,379
6058,1783,1867,2207,2224
8275,2078,1835,617,2764
8280,2167,1851,633,2933
8284,2252,1881,665,351
8288,2339,1892,685,675
8292,2373,1875,683,3539
8296,2419,1863,682,3319
8300,2473,1869,697,580
8304,2523,1875,719,490
8308,2541,1877,715,3225
8312,2553,1866,702,3885
8316,2589,1881,717,1050
8320,2621,1900,743,445
8324,2619,1901,743,2623
8328,2601,1903,741,3643
8332,2615,1911,747,1317
8336,2632,1943,773,325
8340,2619,1955,789,2259
8344,2578,1951,777,4089
8348,2547,1961,788,1865
8352,2557,1981,812,109
8356,2536,2007,829,1363
8360,2484,1997,827,3847
8364,2444,1997,831,2504
8368,2429,2027,872,357
8372,2409,2034,887,1085
8376,2347,2019,878,3795
8380,2299,2011,875,3001
8384,2283,2019,906,547
8388,2254,2027,922,734
8392,2187,2003,919,3383
8396,2130,1989,917,3092
8400,2095,1991,941,551
8404,2069,1980,954,675
8408,2023,1963,958,3307
8412,1960,1940,959,3607
8416,1935,1928,987,927
8420,1927,1931,1007,342
8424,1887,1907,1035,2615
8428,1837,1871,1043,3749
8432,1813,1866,1069,1502
8436,1811,1865,1126,537
8440,1800,1852,1159,2323
8444,1757,1815,1189,4037
8448,1737,1802,1225,1971
8452,1749,1804,1299,405
8456,1741,1787,1363,1848
8460,1717,1763,1401,4095
8464,1705,1755,1450,2783
8468,1747,1765,1529,687
8472,1765,1763,1604,1495
8476,1757,1743,1654,4095
8480,1764,1725,1716,3171
8484,1813,1743,1805,677
8488,1847,1748,1879,1063
8492,1869,1736,1939,4095
8496,1885,1721,1997,3755
8500,1947,1741,2079,1007
8504,1993,1748,2151,885
8508,2030,1741,2215,3613
8512,2055,1738,2251,4028
8516,2106,1752,2311,1249
8520,2159,1763,2378,668
8524,2204,1765,2415,3052
8528,2221,1758,2437,4095
8532,2259,1768,2469,1811
8536,2323,1800,2523,619
8540,2373,1803,2565,2431
8544,2379,1789,2569,4095
8548,2419,1807,2581,2261
8552,2479,1836,2618,623
8556,2523,1849,2643,1987
8560,2549,1839,2648,4095
8564,2583,1845,2665,2742
8568,2649,1869,2700,661
8572,2701,1885,2732,1509
8576,2711,1879,2733,4095
8580,2733,1881,2750,3143
8584,2779,1902,2799,599
8588,2813,1918,2828,1002
8592,2803,1911,2847,4023
8596,2791,1909,2863,3597
8600,2809,1915,2888,795
8604,2825,1934,2931,723
8608,2795,1932,2941,3484
8612,2759,1913,2944,3883
8616,2735,1933,2981,1143
8620,2735,1947,3000,606
8624,2697,1940,3015,2921
8628,2635,1919,2995,3957
8632,2601,1929,2993,1499
8636,2582,1945,3013,588
8640,2521,1947,3003,2551
8644,2459,1933,2972,4095
8648,2395,1931,2963,2077
8652,2364,1933,2959,466
8656,2311,1939,2927,1851
8660,2246,1925,2894,4095
8664,2170,1911,2853,2590
8668,2147,1925,2841,474
8672,2112,1931,2803,1303
8676,2032,1909,2743,3991
8680,1975,1899,2685,2999
8684,1963,1911,2654,612
8688,1939,1911,2617,1021
8692,1886,1899,2551,4011
8696,1830,1879,2483,3603
8700,1817,1891,2440,815
8704,1800,1899,2387,739
8708,1762,1896,2330,3677
8712,1721,1870,2259,4095
8716,1695,1887,2200,1927
8720,1688,1893,2163,1723
8724,1645,1883,2100,4095
8728,1598,1877,2023,4095
8732,1579,1880,1971,2861
8736,1572,1896,1945,1895
8740,1544,1897,1894,3437
8744,1491,1877,1832,4095
8748,1455,1880,1781,2201
8752,1452,1897,1763,555
8756,1422,1904,1721,1891
8760,1373,1890,1670,4095
8764,1335,1885,1624,2361
8768,1325,1903,1604,261
8772,1309,1903,1575,1302
8776,1263,1882,1520,4095
8780,1225,1879,1490,3483
8784,1228,1897,1476,813
8788,1236,1899,1461,954
8792,1205,1891,1425,3655
8796,1183,1881,1387,3213
8800,1205,1881,1385,531
8804,1213,1893,1379,624
8808,1205,1879,1359,3446
8812,1193,1861,1319,3693
8816,1215,1869,1321,875
8820,1255,1877,1324,373
8824,1277,1869,1309,2843
8828,1279,1848,1285,3924
8832,1315,1852,1285,1389
8836,1361,1864,1279,425
8840,1397,1869,1285,2519
8844,1399,1839,1257,4095
8848,1435,1845,1261,2073
8852,1495,1855,1271,441
8856,1541,1863,1271,1876
8860,1547,1839,1259,4095
8864,1577,1835,1247,2327
8868,1635,1851,1267,244
8872,1670,1847,1273,1307
8876,1686,1839,1259,4094
8880,1699,1832,1245,2935
8884,1745,1835,1271,446
8888,1797,1845,1279,871
8892,1799,1837,1269,3711
8896,1803,1819,1256,3272
8900,1839,1837,1278,635
8904,1876,1839,1289,666
8908,1883,1831,1278,3419
8912,1883,1819,1269,3711
8916,1901,1830,1293,1727,1772,3994
15279,2006,1726,1741,1252
15283,2009,1735,1725,599
15287,2003,1721,1701,2909
15291,1981,1708,1653,4095
15295,1981,1695,1629,1767
15299,2009,1711,1636,469
15303,2003,1707,1615,2303
15307,1980,1694,1593,4095
15311,1979,1695,1581,2223
15315,2011,1722,1593,309
15319,2037,1735,1607,1645
15323,2022,1725,1583,4095
15327,2022,1728,1589,2823
15331,2063,1758,1609,411
15335,2087,1785,1629,1001
15339,2073,1781,1634,4051
15343,2079,1787,1643,3263
15347,2118,1830,1683,529
15351,2141,1853,1711,695
15355,2151,1867,1724,3628
15359,2153,1873,1749,3605
15363,2190,1907,1779,803
15367,2227,1929,1819,620
15371,2239,1971,1845,3383
15375,2233,1976,1863,3979
15379,2277,1997,1898,1049
15383,2317,2041,1943,281
15387,2335,2068,1971,2584
15391,2327,2059,1977,4055
15395,2361,2103,2018,1446
15399,2393,2129,2067,105
15403,2415,2164,2093,1975
15407,2411,2142,2099,4095
15411,2421,2173,2125,2137
15415,2451,2217,2156,245
15419,2473,2203,2188,1461
15423,2460,2203,2199,4083
15427,2457,2199,2200,2599
15431,2488,2249,2229,277
15435,2507,2247,2251,1003
15439,2487,2238,2237,4003
15443,2467,2227,2235,3113
15447,2491,2236,2257,344
15451,2503,2259,2268,557
15455,2475,2229,2253,3577
17279,3213,3309,3158,349
17284,3427,3473,3397,423
17288,3549,3513,3513,3128
17292,3597,3565,3641,2437
17296,3694,3625,3797,0
17300,3789,3669,3963,104
17304,3789,3659,4031,2859
17308,3801,3666,4095,2889
17312,3851,3653,4095,84
17316,3870,3630,4095,9
17320,3773,3608,4095,2541
17324,3766,3537,4095,3097
17328,3677,3493,4095,461
17332,3711,3449,4095,0
17336,3609,3356,4095,2063
17340,3531,3287,4095,3304
17344,3485,3211,4095,1011
17348,3411,3135,4091,0
17352,3333,3053,4009,1691
17356,3213,2952,3925,3645
17360,3136,2869,3783,1683
17364,3081,2796,3688,0
17368,2997,2716,3602,1259
17372,2895,2616,3465,3943
17376,2790,2520,3341,2514
17380,2757,2463,3239,203
17384,2683,2390,3163,925
17388,2585,2298,3039,3867
17392,2503,2213,2940,3021
17396,2452,2163,2853,341
17400,2398,2093,2779,538
17404,2319,2024,2662,3474
17408,2227,1948,2575,3509
17412,2191,1909,2485,709
17416,2169,1855,2419,529
17420,2107,1810,2331,3279
17424,2031,1753,2233,3851
17428,2007,1711,2191,1042
17432,2021,1702,2117,371
17436,1963,1672,2056,2824
17440,1907,1625,1967,4095
17444,1891,1604,1913,1814
17448,1897,1599,1871,437
17452,1875,1581,1821,2247
17456,1839,1562,1756,4095
17460,1811,1556,1711,2205
17464,1819,1560,1701,356
17468,1829,1553,1661,1661
17472,1802,1541,1619,4095
17476,1775,1531,1588,2779
17480,1810,1547,1572,495
17484,1814,1561,1561,1192
17488,1797,1545,1528,4095
17492,1773,1531,1491,3231
17496,1803,1561,1497,471
17500,1823,1577,1499,701
17504,1816,1573,1484,3861
17508,1803,1571,1465,3863
17512,1845,1597,1477,917
17516,1861,1625,1493,629
17520,1843,1625,1484,3326
17524,1846,1631,1483,3916
17528,1863,1657,1497,1059
17532,1900,1694,1519,383
17536,1896,1705,1530,2824
17540,1913,1723,1527,4095
17544,1942,1749,1560,1491
17548,1980,1799,1605,296
17552,1995,1816,1621,2195
17556,2007,1828,1624,4095
17560,2026,1864,1655,2069
17564,2089,1904,1708,265
17568,2121,1938,1740,1640
17572,2123,1942,1746,4095
17576,2110,1963,1784,2485
17580,2199,2012,1839,166
17584,2237,2037,1891,989
17588,2249,2055,1914,3928
17592,2265,2068,1939,3035
17596,2313,2109,2001,327
17600,2351,2139,2037,570
17604,2357,2141,2078,3595
17608,2365,2151,2084,3469
17612,2387,2181,2131,601
17616,2431,2195,2165,403
17620,2419,2197,2212,3251
17624,2381,2187,2189,3733
17628,2425,2203,2226,805
17632,2443,2207,2253,158
17636,2439,2207,2253,2663
17640,2415,2188,2255,4003
17644,2415,2184,2265,1323
17648,2423,2191,2277,109
17652,2415,2169,2283,2205
17656,2379,2154,2255,4095
17660,2360,2135,2221,1893
17664,2365,2131,2250,145
17668,2358,2119,2231,1587
17672,2315,2077,2203,4095
17676,2279,2059,2167,2539
17680,2283,2035,2168,255
17684,2253,2023,2155,1085
17688,2212,1993,2105,4088
17692,2165,1955,2074,3055
17696,2153,1948,2055,415
17700,2139,1926,2031,758
17704,2089,1891,1983,3822
17708,2055,1851,1941,3491
17712,2021,1845,1929,569
17716,2023,1829,1901,499
17720,1991,1803,1867,3422
17724,1943,1767,1810,3911
17728,1937,1757,1787,1013
17732,1928,1751,1768,427
17736,1897,1727,1735,2889
17740,1847,1695,1688,4095
17744,1828,1679,1650,1477
17748,1849,1691,1647,443
17752,1835,1675,1621,2440
17756,1781,1643,1575,4095
17760,1767,1631,1547,2037
17764,1779,1641,1558,328
17768,1773,1631,1522,1835
17772,1740,1608,1485,4095
17776,1723,1597,1464,2551
17780,1749,1611,1461,335
17784,1753,1617,1461,1244
17788,1721,1594,1437,4095
17792,1695,1582,1404,3111
17796,1723,1603,1429,563
17800,1711,1613,1423,901
17804,1713,1591,1374,3895
17808,1685,1592,1385,3475
17812,1708,1603,1399,634
17816,1717,1613,1399,677
17820,1707,1607,1387,3691
17824,1694,1597,1371,3911
17828,1710,1621,1381,1021
17832,1740,1641,1392,444
17836,1723,1641,1387,2911
17840,1707,1635,1373,4056
17844,1717,1646,1379,1403
17848,1738,1671,1391,377
17852,1749,1672,1395,2445
17856,1719,1662,1385,4095
17860,1725,1683,1387,1940
17864,1754,1695,1416,249
17868,1765,1710,1421,1831
17872,1741,1693,1405,4095
17876,1747,1705,1391,2572
17880,1764,1721,1420,348
17884,1781,1739,1436,1269
17888,1765,1723,1419,4095
17892,1765,1733,1414,3000
17896,1799,1753,1443,416
17900,1809,1763,1454,847
17904,1812,1755,1444,3992
17908,1785,1749,1438,3475
17912,1813,1770,1463,537
17916,1828,1789,1476,469
17920,1821,1782,1487,3355
17924,1818,1781,1484,3711
17928,1839,1798,1498,889
17932,1851,1813,1510,435
17936,1845,1814,1525,3003
17940,1819,1803,1514,4068
17944,1839,1810,1527,1275
17948,1867,1829,1557,223
17952,1855,1827,1562,2323
17956,1831,1820,1559,4095
17960,1833,1816,1559,1902
17964,1862,1835,1581,269
17968,1865,1838,1593,1755
17972,1851,1821,1583,4095
17976,1848,1815,1586,2389
17980,1871,1839,1615,163
17984,1887,1845,1623,1123
17988,1865,1823,1622,3999
17992,1849,1818,1615,2813
17996,1879,1831,1637,160
18000,1892,1831,1651,810
18004,1865,1822,1639,4095
18008,1851,1807,1625,3923
18012,1881,1819,1643,1351
18016,1887,1829,1659,1661
18020,1879,1816,1653,4095
18024,1865,1811,1635,4095
18028,1882,1810,1651,2165
18032,1911,1829,1673,1579
18036,1903,1832,1669,3685
18040,1885,1814,1646,4049
18044,1893,1816,1659,1272
18048,1912,1829,1683,271
18052,1911,1831,1683,2239
18056,1897,1812,1662,3831
18060,1901,1813,1671,1595
18064,1914,1823,1687,86
18068,1908,1814,1679,1717
18072,1883,1801,1653,4095
18076,1881,1801,1645,2285
19334,1913,1899,1780,2317
19338,1914,1911,1813,4095
19342,1927,1935,1845,2747
19346,1949,1967,1912,551
19350,1977,1995,1971,1406
19354,1961,2015,2009,4095
19358,1979,2052,2057,2847
19362,2029,2105,2148,329
19366,2103,2155,2217,847
19370,2136,2203,2283,3855
19374,2189,2249,2351,3237
19378,2293,2323,2457,219
19382,2398,2403,2573,189
19386,2484,2460,2670,3163
19390,2555,2519,2761,3381
19394,2677,2595,2888,399
19398,2791,2670,3021,0
19402,2897,2733,3127,2411
19406,2968,2781,3240,3227
19410,3067,2839,3380,609
19414,3180,2904,3518,0
19418,3251,2941,3646,1771
19422,3303,2971,3759,3252
19426,3375,2987,3891,1065
19430,3447,3017,4014,0
19434,3487,3035,4095,1292
19438,3497,3016,4095,3447
19442,3500,3021,4095,1673
19446,3549,3022,4095,0
19450,3538,3005,4095,777
19454,3485,2949,4095,3639
19458,3435,2924,4095,2536
19462,3426,2897,4095,0
19466,3383,2855,4095,373
19470,3287,2793,4095,3125
19474,3199,2743,4095,2607
19478,3161,2685,4095,0
19482,3104,2649,4095,116
19486,2997,2580,4015,3017
19490,2908,2495,3883,3259
19494,2844,2452,3790,379
19498,2791,2397,3677,28
19502,2706,2332,3549,2676
19506,2601,2249,3429,3628
19510,2543,2186,3323,999
19514,2494,2149,3226,59
19518,2439,2079,3127,2265
19522,2349,2006,3002,3947
19526,2313,1951,2909,1595
19530,2291,1919,2839,172
19534,2262,1874,2745,1993
19538,2201,1818,2648,4095
19542,2165,1776,2556,2237
19546,2171,1757,2509,216
19550,2159,1735,2445,1399
19554,2121,1688,2359,4095
19558,2092,1651,2283,2811
19562,2110,1653,2249,198
19566,2120,1639,2199,797
19570,2089,1612,2140,3955
19574,2067,1591,2077,3261
19578,2083,1593,2056,486
19582,2101,1591,2021,693
19586,2075,1582,1975,3769
19590,2059,1567,1927,3701
19594,2053,1575,1912,715
19598,2066,1579,1893,410
19602,2039,1578,1852,3475
19606,2003,1565,1819,4095
19610,1995,1575,1805,1461
19614,1997,1591,1788,445
19618,1973,1608,1763,2665
19622,1931,1607,1725,4095
19626,1913,1613,1701,1571
19630,1913,1635,1703,189
19634,1903,1656,1685,2041
19638,1855,1645,1647,4095
19642,1835,1659,1625,2284
19646,1839,1689,1635,328
19650,1835,1715,1623,1593
19654,1787,1713,1591,4095
19658,1763,1721,1577,2699
19662,1770,1757,1593,187
19666,1782,1787,1592,868
19670,1750,1785,1582,4095
19674,1735,1789,1571,3303
19678,1751,1821,1583,371
19682,1767,1853,1605,477
19686,1752,1865,1595,3557
19690,1741,1875,1594,3625
19694,1766,1899,1615,651
19698,1805,1917,1645,347
19702,1801,1931,1657,3130
19706,1801,1939,1661,3959
19710,1824,1957,1685,1079
19714,1869,1983,1723,346
19718,1883,1998,1746,2659
19722,1883,2003,1753,4095
19726,1910,2019,1783,1511
19730,1955,2039,1818,25
19734,1974,2056,1851,1846
19738,1967,2039,1869,4095
19742,1981,2053,1893,2063
19746,2019,2071,1929,58
19750,2042,2076,1961,1419
19754,2030,2073,1964,4095
19758,2028,2067,1982,2695
19762,2069,2085,2031,87
19766,2091,2088,2061,679
19770,2072,2073,2060,3724
19774,2068,2063,2055,3113
19778,2087,2066,2079,397
19782,2091,2063,2103,611
19786,2075,2044,2095,3635
19790,2065,2027,2099,3608
19794,2077,2023,2107,567
19798,2073,2023,2121,267
19802,2066,1999,2107,3069
19806,2031,1973,2083,3797
19810,2029,1965,2088,919
19814,2042,1965,2089,175
19818,2023,1944,2085,2660
19822,1992,1911,2041,4095
19826,1984,1897,2036,1548
19830,1997,1891,2039,221
19834,1983,1882,2023,2165
19838,1947,1855,1993,4095
19842,1931,1832,1971,2119
19846,1933,1843,1965,159
19850,1933,1837,1947,1491
19854,1897,1805,1911,4095
19858,1875,1797,1883,2665
19862,1887,1804,1887,185
19866,1880,1801,1867,958
19870,1850,1769,1837,4095
19874,1816,1755,1805,3218
19878,1829,1769,1805,405
19882,1835,1769,1797,611
19886,1802,1748,1772,3751
19890,1779,1723,1739,3707
19894,1787,1727,1721,760
19898,1789,1745,1717,503
19902,1772,1737,1692,3333
19906,1747,1717,1645,3977
19910,1746,1721,1640,1001
19914,1759,1725,1641,327
19918,1753,1727,1615,2771
19922,1719,1706,1581,4095
19926,1715,1711,1557,1471
19930,1733,1735,1559,151
19934,1722,1725,1543,2053
19938,1695,1715,1503,4095
19942,1695,1709,1483,2093
19946,1705,1739,1491,275
19950,1718,1742,1469,1651
19954,1692,1719,1445,4095
19958,1675,1733,1415,2633
19962,1695,1751,1426,221
19966,1709,1754,1423,1043
19970,1699,1749,1389,4095
19974,1678,1741,1369,3199
19978,1707,1759,1384,438
19982,1718,1770,1388,686
19986,1709,1764,1371,3867
19990,1689,1755,1340,3628
19994,1711,1780,1358,627
19998,1725,1789,1363,371
20002,1726,1785,1357,3231
20006,1709,1775,1341,3885
20010,1724,1787,1343,959
20014,1749,1802,1369,271
20018,1749,1800,1371,2731
20022,1726,1786,1362,4095
20026,1742,1799,1367,1469
20030,1773,1820,1389,198
20034,1781,1821,1400,2141
20038,1759,1810,1391,4095
20042,1773,1813,1397,2006
20046,1805,1828,1433,103
20050,1817,1831,1450,1526
20054,1791,1819,1443,4095
20058,1785,1821,1447,2475
20062,1814,1836,1483,117
20066,1832,1843,1501,1008
20070,1803,1837,1501,4061
20074,1791,1821,1501,2969
20078,1818,1843,1532,175
20082,1823,1851,1564,485
20086,1819,1849,1561,3693
20090,1799,1843,1559,3575
20094,1811,1852,1589,672
20098,1821,1863,1617,732
20102,1820,1853,1608,4073
20106,1787,1838,1599,4095
20110,1805,1851,1621,2111
20114,1819,1866,1643,1705
20118,1816,1869,1648,4095
20122,1801,1848,1640,4095
20126,1801,1861,1643,2357
20130,1831,1883,1675,993
20655,1717,1609,1567,4095
20660,1736,1641,1575,853
20664,1743,1651,1567,469
20668,1720,1643,1551,3253
20672,1687,1623,1507,4095
20676,1673,1623,1493,1271
20680,1679,1637,1494,379
20684,1671,1637,1477,2716
20688,1631,1609,1443,4095
20692,1621,1637,1435,1839
20696,1640,1631,1452,303
20700,1641,1641,1446,2035
20704,1631,1630,1443,4095
20708,1635,1640,1436,2453
20712,1657,1682,1477,357
20716,1691,1687,1496,1499
20720,1685,1707,1501,4095
20724,1685,1726,1517,2875
20728,1733,1765,1564,331
20732,1773,1819,1605,915
20736,1771,1811,1629,4067
20740,1773,1832,1645,3295
20744,1822,1855,1704,421
20748,1874,1893,1752,555
20752,1886,1907,1781,3708
20756,1897,1926,1813,3726
20760,1939,1959,1862,633
20764,1982,1983,1913,181
20768,1998,2007,1951,2969
20772,1995,2001,1975,4072
20776,2024,2031,2019,1205
20780,2072,2087,2073,326
20784,2083,2087,2103,2633
20788,2075,2076,2104,4095
20792,2089,2086,2135,1593
20796,2120,2111,2180,89
20800,2133,2104,2197,1869
20804,2123,2095,2197,4095
20808,2107,2094,2203,2149
20812,2137,2105,2219,47
20816,2141,2102,2233,1251
20820,2108,2077,2216,4095
20824,2093,2070,2204,2736
20828,2111,2079,2215,145
20832,2116,2068,2217,799
20836,2079,2054,2187,4055
20840,2041,2013,2159,3340
20844,2059,2009,2157,376
20848,2065,1997,2147,411
20852,2025,1976,2121,3528
20856,1997,1946,2087,3581
20860,2004,1927,2083,631
20864,2003,1941,2067,345
20868,1979,1933,2035,3192
20872,1943,1880,1995,4060
20876,1943,1909,1976,1097
20880,1956,1871,1966,217
20884,1939,1852,1941,2637
20888,1907,1833,1891,4095
20892,1899,1818,1861,1643
20896,1912,1823,1863,221
20900,1895,1807,1832,2027
20904,1869,1787,1787,4095
20908,1845,1772,1762,2185
20912,1869,1784,1758,185
20916,1869,1771,1743,1560
20920,1837,1750,1695,4095
20924,1815,1725,1669,2847
20928,1833,1753,1660,293
20932,1839,1753,1651,982
20936,1810,1743,1622,4095
20940,1779,1718,1593,3342
20944,1801,1746,1589,509
20948,1811,1751,1591,692
20952,1785,1739,1564,3901
20956,1767,1750,1531,3772
20960,1783,1739,1548,710
20964,1797,1773,1553,411
20968,1780,1737,1531,3263
20972,1753,1725,1512,4029
20976,1769,1737,1515,1069
20980,1775,1746,1527,268
20984,1771,1754,1525,2744
20988,1753,1727,1495,4095
20992,1745,1748,1501,1748
20996,1775,1763,1519,311
21000,1767,1773,1516,2132
21004,1739,1773,1508,4095
21008,1739,1756,1506,2195
21012,1766,1784,1517,175
21016,1766,1783,1525,1543
21020,1733,1776,1503,4095
21024,1719,1775,1496,2763
21028,1753,1803,1512,279
21032,1758,1817,1526,997
21036,1738,1806,1514,4095
21040,1721,1791,1501,3275
21044,1748,1821,1514,455
21048,1763,1833,1525,633
21052,1759,1829,1517,3683
21056,1740,1815,1507,3573
21060,1755,1832,1519,551
21064,1773,1845,1533,376
21068,1753,1845,1525,3289
21072,1741,1823,1506,3991
21076,1752,1843,1509,979
21080,1769,1849,1523,168
21084,1753,1847,1514,2693
21088,1733,1831,1497,4095
21092,1739,1835,1493,1907
21096,1755,1855,1503,841
21100,1755,1854,1502,3096
21104,1724,1848,1480,4095
21108,1720,1834,1461,3187
21112,1746,1871,1485,1621
21116,1757,1878,1483,2823
21120,1733,1861,1462,4095
21124,1727,1853,1451,2838
21128,1747,1879,1462,287
21132,1771,1891,1477,984
21136,1747,1879,1448,4040
21140,1737,1881,1433,3044
21144,1765,1891,1444,168
21148,1781,1893,1448,412
21152,1771,1887,1429,3693
21156,1759,1869,1407,3515
21160,1774,1881,1419,423
21164,1789,1891,1423,275
21168,1798,1886,1417,3378
21172,1771,1879,1388,3999
21176,1785,1883,1397,989
21180,1821,1897,1403,249
21184,1816,1885,1401,2729
21188,1799,1879,1374,4095
21192,1811,1877,1381,1363
21196,1838,1901,1395,77
21200,1835,1883,1395,2065
21204,1819,1875,1375,4095
21208,1823,1867,1374,2149
21212,1853,1885,1389,244
21216,1865,1881,1387,1491
21220,1845,1867,1370,4095
21224,1839,1864,1357,2621
21228,1877,1877,1377,226
21232,1881,1883,1383,1008
21236,1871,1865,1366,4095
21240,1853,1863,1353,3123
21244,1883,1871,1367,315
21248,1911,1880,1370,600
21252,1901,1871,1355,3811
21256,1897,1855,1335,3591
21260,1917,1875,1343,550
21264,1943,1877,1353,330
21268,1943,1887,1339,3307
21272,1914,1853,1320,3990
21276,1931,1871,1319,987
21280,1949,1881,1337,347
21284,1957,1877,1331,2965
21288,1927,1867,1306,4095
21292,1915,1861,1295,1571
21296,1932,1869,1311,346
21300,1929,1867,1303,2343
21304,1900,1855,1277,4095
21308,1891,1855,1277,2065
21312,1901,1868,1299,255
21316,1899,1869,1299,1721
21320,1865,1851,1287,4095
21324,1847,1839,1277,2723
21328,1869,1852,1294,459
21332,1865,1875,1303,1363
21336,1837,1850,1293,4095
21340,1812,1839,1279,3352
21344,1839,1866,1299,630
21348,1849,1865,1315,979
21352,1835,1861,1311,4095
21356,1816,1847,1298,3880
21360,1839,1855,1320,923
21364,1863,1881,1340,781
21368,1861,1871,1349,3967
21372,1849,1853,1352,4095
21376,1883,1875,1371,1239
21380,1915,1909,1421,583
21384,1933,1909,1448,3153
21388,1935,1925,1465,4095
21392,1961,1944,1518,1491
21396,2025,1991,1604,253
21400,2075,2022,1659,2293
21404,2120,2055,1711,4095
21408,2186,2100,1799,1835
21412,2281,2165,1898,0
21416,2393,2222,1997,1417
21420,2472,2267,2086,3916
21424,2571,2335,2175,2129
21428,2713,2408,2311,0
21432,2857,2485,2425,776
21436,2957,2528,2526,3682
21440,3079,2595,2647,2639
21444,3238,2659,2783,0
21448,3391,2735,2922,183
21452,3500,2788,3032,3091
21846,2237,2036,2511,0
21851,2171,2013,2427,3230
21855,2095,1964,2343,3771
21859,2029,1944,2277,651
21863,1980,1915,2205,75
21867,1907,1874,2117,2793
21871,1813,1820,1995,4095
21875,1748,1809,1907,1466
21879,1707,1778,1828,243
21883,1637,1751,1741,2355
21887,1563,1711,1641,4095
21891,1508,1695,1553,2035
21895,1487,1679,1495,135
21899,1446,1660,1431,1703
21903,1399,1645,1337,4095
21907,1351,1627,1269,2715
21911,1353,1625,1241,309
21915,1352,1621,1197,1191
21919,1319,1629,1147,4095
21923,1286,1621,1102,2935
21927,1305,1615,1097,40
21931,1309,1629,1083,468
21935,1303,1623,1063,3791
21939,1299,1614,1041,3768
21943,1331,1639,1054,695
21947,1353,1655,1075,442
21951,1366,1648,1070,3868
21955,1359,1639,1067,4095
21959,1390,1657,1097,1142
21963,1437,1684,1133,383
21967,1461,1693,1162,3115
21971,1467,1690,1166,4095
21975,1495,1685,1197,1513
21979,1549,1725,1255,51
21983,1588,1726,1288,2687
21987,1587,1735,1300,4095
21991,1608,1735,1335,2759
21995,1658,1757,1392,579
21999,1692,1770,1444,1635
22003,1699,1765,1453,4088
22007,1719,1769,1495,2280
22011,1757,1803,1555,43
22015,1787,1815,1597,1159
22019,1785,1801,1613,4095
22023,1783,1787,1636,2911
22027,1817,1816,1682,36
22031,1852,1833,1720,453
22035,1848,1820,1747,3657
22039,1839,1813,1764,3327
22043,1880,1829,1797,161
22047,1903,1846,1833,163
22051,1897,1831,1851,3421
22055,1889,1822,1852,3932
22059,1903,1837,1883,700
22063,1934,1849,1917,55
22067,1937,1853,1917,2825
22071,1915,1845,1912,4095
22075,1919,1846,1935,1193
22079,1943,1862,1949,153
22083,1949,1865,1959,2743
22087,1929,1855,1941,4095
22091,1919,1867,1939,3133
22095,1941,1880,1956,1753
22099,1941,1889,1965,3242
22103,1904,1883,1938,4095
22107,1893,1880,1919,3237
22111,1917,1899,1937,717
22115,1911,1901,1931,1435
22119,1881,1895,1901,4095
22123,1853,1891,1883,2823
22127,1867,1900,1886,0
22131,1865,1915,1881,217
22135,1837,1900,1849,3380
22139,1807,1891,1815,3238
22143,1816,1897,1807,311
22147,1812,1913,1799,283
22151,1789,1907,1772,3237
22155,1759,1891,1736,3672
22159,1764,1897,1715,601
22163,1767,1908,1705,41
22167,1747,1903,1679,2837
22171,1711,1887,1637,4095
22175,1709,1885,1627,1311
22179,1735,1909,1625,227
22183,1722,1903,1595,2583
22187,1687,1885,1557,4095
22191,1687,1884,1531,1871
22195,1701,1901,1527,27
22199,1705,1909,1515,1592
22203,1679,1887,1477,4095
22207,1669,1883,1449,2377
22211,1690,1892,1446,24
22215,1701,1895,1447,1131
22219,1677,1883,1413,4095
22223,1655,1873,1383,3061
22227,1679,1885,1381,188
22231,1691,1899,1381,616
22235,1679,1883,1356,4085
22239,1655,1877,1327,3735
22243,1685,1879,1327,649
22247,1705,1891,1322,521
22251,1695,1885,1309,3515
22255,1677,1870,1279,3673
22259,1692,1879,1277,566
22263,1715,1884,1289,191
22267,1711,1880,1269,2939
22271,1695,1865,1241,4022
22275,1705,1866,1244,1131
22279,1735,1883,1247,301
22283,1737,1877,1245,2735
22287,1718,1862,1212,4095
22291,1726,1864,1203,1709
22295,1757,1877,1221,0
22299,1768,1874,1212,1755
22303,1755,1849,1191,4095
22307,1754,1849,1179,2519
22311,1787,1880,1188,301
22315,1807,1877,1195,1396
22319,1799,1861,1175,4095
22323,1789,1847,1163,3229
22327,1831,1869,1175,573
22331,1851,1872,1195,1169
22335,1843,1864,1181,4095
22339,1842,1865,1181,3589
22343,1865,1879,1210,477
22347,1895,1901,1245,521
22351,1887,1901,1261,4056
22355,1880,1909,1286,4095
22359,1901,1935,1339,1196
22363,1944,1983,1417,567
22367,1951,2010,1467,3381
22371,1962,2042,1517,4095
22375,1996,2101,1615,1275
22379,2061,2173,1727,171
22383,2103,2239,1834,2425
22387,2131,2287,1931,4095
22391,2189,2365,2067,1689
22395,2283,2457,2211,0
22399,2357,2534,2360,1511
22403,2415,2600,2501,3909
22407,2486,2680,2649,1727
22411,2597,2767,2825,0
22415,2681,2845,3005,731
22419,2745,2909,3165,3443
22423,2822,2968,3336,2213
22427,2919,3037,3557,0
22431,3007,3107,3787,265
22435,3064,3149,3977,3357
22439,3111,3177,4095,2913
22443,3195,3227,4095,0
22447,3275,3275,4095,0
22451,3307,3283,4095,2587
22455,3325,3272,4095,2969
22459,3373,3276,4095,0
22463,3411,3278,4095,0
22467,3404,3246,4095,2316
22471,3379,3215,4095,3411
22475,3375,3182,4095,599
22479,3381,3145,4095,0
22483,3349,3100,4095,1891
22487,3283,3027,4095,3613
22491,3237,2971,4095,1237
22495,3199,2915,4095,0
22499,3156,2855,4095,1527
22503,3055,2760,4095,4095
22507,2999,2695,4095,1944
22511,2955,2648,4095,0
22515,2904,2581,4095,756
22519,2807,2487,4095,3623
22523,2725,2409,4095,2603
22527,2679,2375,4095,107
22531,2633,2311,4095,679
22535,2539,2233,4095,4076
22539,2456,2155,4095,3391
22543,2412,2119,4095,298
22547,2376,2077,4095,215
22551,2296,2005,3899,3628
22555,2228,1951,3699,4025
22559,2184,1914,3541,892
22563,2156,1891,3401,465
22567,2100,1835,3244,3590
22571,2041,1787,3087,4095
22575,2011,1767,2959,1531
22579,1997,1755,2853,439
22583,1976,1739,2747,2919
22587,1915,1701,2613,4095
22591,1886,1681,2500,2385
22595,1897,1683,2419,941
22599,1891,1677,2333,2739
22603,1837,1651,2223,4095
22607,1827,1636,2127,3032
22611,1836,1647,2077,1064
22615,1829,1661,2008,2425
22619,1803,1635,1915,4095
22623,1776,1628,1851,3949
22627,1800,1653,1803,1490
22631,1812,1658,1769,1831
22635,1787,1651,1701,4095
22639,1771,1645,1647,4095
22643,1799,1661,1621,1275
,1623,861
25095,1803,1811,1637,763
25099,1797,1790,1619,3491
25103,1767,1772,1588,4095
25107,1768,1782,1589,1501
25111,1787,1800,1595,788
25115,1775,1798,1584,2935
25119,1755,1781,1563,4095
25123,1752,1787,1560,1805
25127,1776,1807,1576,667
25131,1785,1816,1581,2471
25135,1758,1815,1564,4095
25139,1763,1828,1579,2473
25143,1789,1867,1619,859
25147,1816,1897,1658,2147
25151,1809,1925,1673,4095
25155,1817,1963,1709,2995
25159,1883,2031,1782,761
25163,1933,2106,1869,1400
25167,1961,2163,1933,4095
25171,1992,2231,2011,3117
25175,2085,2325,2127,415
25179,2166,2413,2255,663
25183,2217,2488,2355,3683
25187,2281,2571,2469,3559
25191,2375,2669,2607,591
25195,2474,2771,2773,217
25199,2547,2860,2907,2707
25203,2615,2939,3039,3149
25207,2715,3043,3205,521
25211,2808,3135,3389,9
25215,2878,3213,3561,2247
25219,2937,3288,3727,3449
25223,3007,3368,3922,999
25227,3099,3436,4095,0
25231,3164,3492,4095,1471
25235,3197,3532,4095,3261
25239,3237,3560,4095,1399
25243,3308,3595,4095,0
25247,3337,3613,4095,1021
25251,3325,3597,4095,3277
25255,3321,3581,4095,1884
25259,3351,3565,4095,0
25263,3339,3537,4095,431
25267,3293,3480,4095,3081
25271,3255,3401,4095,2469
25275,3228,3372,4095,0
28489,2216,2101,4095,1051
28494,2220,2107,4095,331
28498,2193,2077,4095,3311
28502,2133,2045,4095,3363
28506,2101,2018,4095,458
28510,2067,1993,4095,292
28514,2012,1951,4095,3133
28518,1942,1895,4095,3876
28522,1903,1855,4095,885
28526,1879,1846,4095,89
28530,1833,1799,4095,2443
28534,1763,1749,4095,3941
28538,1727,1725,4095,1575
28542,1705,1711,4095,333
28546,1686,1677,4095,2141
28550,1622,1645,4095,4095
28554,1599,1615,4095,2015
28558,1593,1613,4095,169
28562,1565,1611,4095,1525
28566,1529,1577,4095,4095
28570,1503,1555,4095,2727
28574,1507,1548,4095,378
28578,1494,1547,4095,1227
28582,1471,1519,4095,4095
28586,1449,1507,4095,3199
28590,1461,1514,4095,344
28594,1479,1510,4095,680
28598,1446,1497,4095,3737
28602,1425,1486,4095,3593
28606,1429,1495,4095,618
28610,1447,1507,4095,505
28614,1440,1495,4095,3321
28618,1419,1484,4095,3932
28622,1422,1493,4095,1023
28626,1453,1505,4095,384
28630,1445,1515,4095,2811
28634,1426,1497,4095,4095
28638,1435,1511,4095,1652
28642,1460,1517,3991,457
28646,1460,1529,3706,2394
28650,1419,1515,3401,4095
28654,1443,1519,3158,2212
28658,1471,1547,2963,243
28662,1491,1548,2764,1518
28666,1471,1533,2547,4095
28670,1467,1542,2356,2603
28674,1500,1555,2199,287
28678,1515,1565,2053,1177
28682,1492,1557,1867,4095
28686,1491,1557,1705,3196
28690,1520,1573,1580,391
28694,1543,1581,1460,646
28698,1545,1579,1336,3676
28702,1520,1573,1211,3527
28706,1557,1589,1145,636
28710,1573,1597,1054,553
28714,1565,1597,995,3428
28718,1560,1587,887,4008
28722,1562,1589,856,1019
28726,1598,1618,821,277
28730,1596,1611,765,2601
28734,1593,1606,692,3942
28738,1597,1605,649,1369
28742,1640,1623,647,237
28746,1653,1623,581,2231
28750,1643,1613,501,4095
28754,1654,1614,475,1983
28758,1683,1636,443,147
28762,1709,1636,427,1523
28766,1693,1628,364,4044
28770,1693,1626,331,2427
28774,1719,1645,291,147
28778,1741,1657,290,1021
28782,1727,1651,249,3967
28786,1722,1639,199,2984
28790,1741,1656,209,248
28794,1761,1661,168,559
28798,1759,1659,137,3543
28802,1741,1651,87,3547
28806,1759,1661,69,867
28810,1771,1673,75,998
28814,1769,1669,49,4095
28818,1750,1653,16,4095
28822,1759,1675,12,2263
28826,1783,1689,23,1892
28830,1779,1687,22,4095
28834,1773,1679,0,4095
28838,1773,1691,6,2035
28842,1803,1707,27,725
28846,1811,1719,45,2329
28850,1789,1705,39,3903
28854,1787,1708,57,1675
28858,1807,1727,99,0
28862,1817,1742,124,1340
28866,1773,1719,141,3828
28870,1783,1720,167,2340
28874,1805,1741,217,164
28878,1819,1750,263,1067
28882,1790,1737,285,4041
28886,1773,1733,309,2927
28890,1801,1752,377,173
28894,1805,1757,446,520
28898,1791,1757,469,3496
28902,1771,1740,504,3301
28906,1787,1751,565,499
28910,1797,1768,630,431
28914,1791,1765,671,3274
28918,1767,1743,702,3657
28922,1774,1753,757,751
28926,1788,1769,843,184
28930,1779,1765,861,2645
28934,1757,1751,873,3879
28938,1755,1759,939,1357
28942,1771,1768,1000,271
28946,1771,1779,1044,2283
28950,1747,1767,1059,4095
28954,1736,1769,1085,1821
28958,1753,1779,1133,145
28962,1755,1783,1170,1549
28966,1721,1767,1164,4029
28970,1708,1768,1189,2327
28974,1726,1775,1229,171
28978,1737,1785,1253,1189
28982,1711,1769,1241,4095
28986,1694,1765,1246,3052
28990,1706,1773,1275,299
28994,1721,1783,1303,621
28998,1693,1774,1302,3601
29002,1661,1765,1292,3369
29006,1679,1775,1321,558
29010,1687,1779,1339,583
29014,1687,1775,1331,3541
29018,1647,1763,1319,4047
29022,1661,1762,1336,1110
29026,1678,1782,1363,437
29030,1672,1773,1359,2797
29034,1652,1764,1337,3937
29038,1644,1758,1343,1425
29042,1661,1781,1377,503
29046,1658,1775,1384,2589
29050,1625,1765,1369,4095
29054,1637,1771,1365,2116
29058,1655,1797,1400,551
29062,1675,1811,1419,2083
29066,1674,1803,1403,4095
29070,1681,1813,1421,2587
29074,1727,1851,1455,486
29078,1773,1886,1485,1508
29082,1801,1912,1493,4095
29086,1837,1944,1509,3209
29090,1918,2011,1572,711
29094,2008,2085,1619,1159
29098,2071,2142,1657,4095
29102,2146,2207,1707,3439
29106,2255,2295,1781,534
29110,2366,2393,1871,491
29114,2475,2476,1929,3449
29118,2543,2556,1995,3669
29122,2671,2671,2093,593
29126,2809,2787,2204,0
29130,2915,2875,2293,2415
29134,3003,2964,2378,3388
29138,3127,3080,2479,868
29142,3259,3176,2599,0
29146,3368,3270,2697,1911
29150,3436,3353,2764,3611
29154,3546,3439,2861,1309
29158,3671,3526,2967,0
29162,3754,3595,3049,1075
29166,3795,3641,3113,3231
29170,3833,3676,3171,1727
29174,3913,3721,3257,0
29178,3951,3756,3321,633
29182,3912,3727,3348,3211
29186,3852,3703,3375,2281
29190,3859,3691,3413,0
29194,3807,3657,3439,341
29198,3727,3581,3422,3087
29202,3635,3513,3384,2695
29206,3560,3452,3391,14
29210,3485,3386,3372,163
29214,3386,3299,3321,3044
29218,3256,3193,3257,3433
29222,3161,3127,3222,571
29226,3083,3049,3182,29
29230,2969,2949,3112,2568
29234,2853,2839,3033,3591
29238,2745,2749,2957,971
29242,2670,2675,2926,78
29246,2571,2585,2855,2231
29250,2449,2483,2764,4095
29254,2349,2391,2683,1751
29258,2277,2322,2644,159
29262,2195,2247,2579,1749
29266,2089,2151,2479,4095
29270,1995,2072,2411,2381
29274,1951,2009,2359,264
29278,1885,1957,2313,1263
29282,1805,1877,2229,4095
29286,1721,1807,2152,2979
,4095,3492
32287,1893,1855,4095,905
32291,1875,1843,4095,403
32295,1832,1885,4095,2653
32299,1779,1830,4095,3683
32303,1749,1862,4095,1363
32307,1737,1869,4095,401
32311,1708,1879,4095,2199
32315,1663,1851,4095,3849
32319,1641,1845,4095,1815
32323,1641,1855,4095,291
32327,1631,1861,4095,1671
32331,1599,1842,4095,3833
32335,1577,1852,4095,2324
32339,1592,1875,4095,371
32343,1595,1880,4095,1303
32347,1566,1855,4095,3935
32351,1549,1845,4095,2869
32355,1564,1870,4095,421
32359,1584,1903,4095,829
32363,1575,1849,4095,3575
32367,1557,1823,4095,3238
32371,1586,1880,4095,581
32375,1613,1868,4095,535
32379,1611,1835,4095,3213
32383,1595,1875,4095,3567
32387,1623,1879,4095,937
32391,1662,1878,4095,507
32395,1679,1881,4095,2824
32399,1669,1867,4095,3817
32403,1695,1871,4095,1326
32407,1735,1889,4095,307
32411,1752,1882,4095,2159
32415,1762,1866,4095,3798
32419,1779,1867,4095,1803
32423,1823,1887,4095,355
32427,1849,1892,4095,1695
32431,1861,1869,4095,3783
32435,1879,1869,4095,2269
32439,1927,1883,4095,287
32443,1966,1892,4095,1177
32447,1972,1877,4095,3867
32451,1983,1874,4095,2823
32455,2037,1883,4095,359
32459,2073,1891,4095,750
32463,2079,1873,4095,3509
32467,2089,1873,4095,3179
35681,2029,1770,0,4095
35685,2089,1783,0,1661
35689,2151,1805,0,617
35693,2174,1785,0,2743
35697,2171,1767,0,4095
35701,2185,1749,0,1867
35705,2223,1751,0,338
35709,2229,1737,0,1781
35713,2215,1707,0,4025
35717,2221,1689,0,2511
35721,2246,1695,0,861
35725,2268,1704,0,2153
35729,2248,1688,0,4095
35733,2247,1673,0,4095
35737,2279,1695,0,2428
35741,2302,1719,0,2687
35745,2293,1709,0,4095
35749,2286,1721,0,3303
35753,2316,1771,0,703
35757,2340,1791,0,798
35761,2329,1804,0,3317
35765,2304,1811,0,3231
35769,2324,1831,0,675
35773,2333,1875,0,461
35777,2322,1873,0,2787
35781,2298,1883,0,3347
35785,2295,1912,0,1084
35789,2321,1943,0,467
35793,2322,1950,0,2473
35797,2299,1941,0,3663
35801,2300,1964,0,1461
35805,2317,1991,0,199
35809,2325,1997,0,1653
35813,2309,1996,0,3470
35817,2302,2013,0,1979
35821,2339,2055,0,328
35825,2351,2065,0,1172
35829,2339,2059,0,3166
35833,2343,2069,0,2189
35837,2385,2101,0,283
35841,2413,2135,0,910
35845,2420,2129,0,3388
35849,2432,2135,0,2858
35853,2476,2159,0,604
35857,2525,2185,0,743
35861,2535,2199,0,3077
35865,2540,2200,0,2970
35869,2570,2223,0,649
35873,2599,2264,0,498
35877,2597,2267,0,2799
35881,2592,2269,0,3355
35885,2603,2278,0,1193
35889,2629,2301,0,599
35893,2617,2313,0,2439
35897,2590,2309,0,3483
35901,2591,2319,0,1565
35905,2611,2335,0,524
35909,2597,2340,0,2012
35913,2551,2317,0,3741
35917,2530,2293,0,2149
35921,2537,2303,0,619
35925,2523,2295,0,1575
35929,2471,2283,0,3578
35933,2441,2262,0,2442
35937,2425,2257,0,634
35941,2415,2237,0,1367
35945,2375,2213,0,3861
35949,2319,2189,0,3207
35953,2311,2195,0,895
35957,2301,2187,0,1055
35961,2259,2156,0,3547
35965,2219,2133,0,3513
35969,2216,2129,0,1115
35973,2206,2126,0,959
35977,2188,2117,0,3307
35981,2165,2101,0,3957
35985,2185,2103,0,1545
35989,2203,2137,0,909
35993,2206,2155,0,2804
35997,2211,2167,0,4095
36001,2239,2205,0,1966
36005,2319,2279,0,853
36009,2360,2334,0,2217
36013,2393,2363,0,3993
36017,2460,2441,0,2309
36021,2551,2547,0,659
36025,2654,2643,0,1583
36029,2713,2733,0,3578
36033,2792,2844,0,2437
36037,2926,2990,0,509
36041,3052,3156,0,986
36045,3146,3283,0,3283
36049,3245,3475,0,2749
36053,3403,3699,0,607
36057,3560,3950,0,718
36061,3701,4095,0,2957
36065,3815,4095,0,2767
36069,3976,4095,0,517
36073,4095,4095,0,467
36077,4095,4095,0,2726
36081,4095,4095,0,3023
36085,4095,4095,0,745
36089,4095,4095,0,299
36093,4095,4095,0,2351
36097,4095,4095,0,3327
36101,4095,4095,0,1269
36105,4095,4095,0,188
36109,4095,4095,0,1693
36113,4095,4095,0,3245
36117,4095,4095,0,1699
36121,4095,4095,0,341
36125,4095,4095,0,1469
36129,4095,4095,0,3455
36133,4095,4095,0,2195
36137,4095,4095,0,245
36141,4095,4095,0,860
36145,4067,4095,0,3190
36149,3901,4095,0,2637
36153,3787,4095,0,547
36157,3671,4095,0,851
36161,3503,4095,0,3224
36165,3365,4095,0,2995
36169,3247,4095,0,691
36173,3144,4095,0,633
36177,3013,4095,0,2927
36181,2876,4095,0,3183
36185,2771,4095,235,950
36189,2695,4095,685,563
36193,2583,4095,1101,2581
36197,2471,4095,1515,3635
36201,2387,4095,1909,1510
36205,2322,4095,2292,539
36209,2248,4095,2619,2154
36213,2153,4095,2924,3830
36217,2091,4095,3240,2103
36221,2057,4095,3545,606
36225,2009,4095,3869,1573
36229,1932,4095,4095,3369
36233,1884,4095,4095,2217
36237,1869,4000,4095,600
36241,1848,3750,4095,1452
36245,1789,3493,4095,3771
36249,1753,3270,4095,2747
36253,1767,3110,4095,419
36257,1764,2955,4095,829
36261,1739,2782,4095,3483
36265,1702,2632,4095,3273
36269,1717,2503,4095,811
36273,1738,2392,4095,734
36277,1727,2267,4095,3164
36281,1717,2135,4095,3717
36285,1739,2063,4095,1367
36289,1784,1999,4095,851
36293,1784,1933,4095,2824
36297,1800,1863,4095,3707
36301,1841,1833,4095,1556
36305,1903,1814,4095,601
36309,1930,1812,4095,2155
36313,1965,1807,4095,3560
36317,1996,1829,4095,1801
36321,2088,1891,4095,393
36325,2142,1941,4095,1567
36329,2183,1999,4095,3645
36333,2236,2084,4095,2411
36337,2331,2195,4095,548
36341,2423,2293,4095,1395
36345,2468,2393,4095,4013
36349,2527,2510,4095,3147
36353,2636,2671,4095,837
36357,2731,2813,4095,994
36361,2798,2953,4095,3259
36365,2860,3097,4095,2872
36369,2968,3279,4095,494
36373,3064,3475,4095,490
36377,3126,3655,4095,2967
36381,3180,3827,4095,3435
36385,3279,4077,4095,1173
36389,3380,4095,4095,666
36393,3464,4095,4095,2525
36397,3500,4095,4095,3291
36401,3579,4095,4095,1230
36405,3678,4095,4095,439
36409,3741,4095,4095,2139
36413,3782,4095,4095,3573
36417,3827,4095,4095,1754
36421,3895,4095,4095,174
36425,3951,4095,4095,1171
36429,3929,4095,4095,3295
36433,3928,4095,4095,2425
36437,3949,4095,4095,747
36441,3962,4095,4095,1497
36445,3893,4095,4095,3645
36449,3854,4095,4095,2632
36453,3823,4095,4095,473
36457,3783,4095,4095,729
36461,3702,4095,4095,3208
36465,3595,4095,4095,2989
36469,3541,4095,4095,700
36473,3478,4095,4095,781
36477,3383,4095,4095,3162
37235,2427,4095,4095,1125
37239,2365,4095,4095,991
37243,2263,4095,4095,3109
37247,2153,4095,4095,3292
37251,2074,4095,4095,1012
37255,2005,4095,4095,663
37259,1915,4095,4095,2787
37263,1822,4095,4095,4095
37267,1769,4095,4095,2025
37271,1739,4095,4095,805
37275,1673,3719,4095,2195
37279,1626,3405,4095,3593
37283,1593,3159,4095,1869
37287,1580,2943,4095,452
37291,1565,2747,4095,1819
37295,1517,2535,4095,4095
37299,1509,2361,4095,2903
37303,1528,2207,4095,891
37307,1527,2083,4095,1391
37311,1515,1932,4095,3487
37315,1525,1797,4095,2653
37319,1583,1717,4095,447
37323,1623,1629,4095,991
37327,1643,1553,4095,3769
37331,1651,1485,4095,3660
37335,1703,1455,4095,1192
37339,1757,1439,4095,987
37343,1767,1443,4095,3102
37347,1785,1421,4095,3353
37351,1800,1435,4095,1055
37355,1849,1483,4095,691
37359,1847,1530,4095,2761
37363,1855,1560,4095,3855
37367,1869,1621,4095,1581
37371,1907,1709,4095,529
37375,1914,1775,4095,1941
37379,1902,1855,4095,3483
37383,1929,1929,4095,1983
37387,1972,2035,4095,659
37391,2015,2119,4095,1715
37395,2044,2207,4095,3500
37399,2084,2275,4095,2323
37403,2153,2378,4095,701
37407,2227,2472,4095,1557
37411,2280,2521,4095,3565
37415,2315,2581,4095,2611
37419,2422,2663,4095,555
37423,2505,2733,4095,1141
37427,2568,2749,4095,3811
37431,2620,2800,4095,3503
37435,2700,2855,4095,1066
37439,2794,2891,4095,933
37443,2847,2893,4095,3029
37447,2877,2876,4095,3156
37451,2958,2895,4095,1005
37455,3038,2887,4095,699
37459,3090,2861,4095,2659
37463,3109,2811,4095,3527
37467,3143,2797,4095,1556
37471,3179,2779,4095,727
37475,3212,2724,4095,2259
37479,3191,2685,4095,3427
37483,3160,2629,4095,1627
37487,3180,2597,4095,486
37491,3151,2556,4095,1885
37495,3090,2488,4095,3765
37499,3012,2420,4095,2375
37503,2995,2389,4095,549
37507,2941,2327,4095,1273
37511,2848,2253,4095,3553
37515,2759,2205,4095,2861
37519,2717,2167,4095,831
37523,2667,2121,4095,1124
37527,2590,2038,4095,3341
37531,2495,1967,4095,2991
37535,2455,1919,4095,731
37539,2397,1875,4095,839
37543,2333,1811,4095,3161
37547,2261,1746,4095,3475
37551,2222,1684,4095,1208
37555,2194,1645,4095,723
37559,2151,1598,4095,2597
37563,2076,1519,4095,3300
37567,2031,1464,4095,1259
37571,2026,1413,4095,525
37575,1980,1366,4095,2183
37579,1929,1274,3817,3592
37583,1900,1227,3334,1948
37587,1886,1189,2919,714
37591,1861,1131,2507,1816
37595,1813,1039,2105,3462
37599,1785,968,1707,2194
37603,1779,938,1337,635
37607,1766,931,955,1553
37611,1723,845,584,3930
37615,1691,789,215,3097
37619,1695,775,0,884
37623,1695,713,0,1129
37627,1669,697,0,3326
37631,1641,635,0,2886
37635,1652,624,0,575
37639,1653,617,0,716
37643,1635,559,0,3183
37647,1611,551,0,3495
37651,1609,557,0,1227
37655,1628,557,0,761
37659,1620,571,0,2647
37663,1611,543,0,3403
37667,1621,569,0,1447
37671,1627,581,0,653
37675,1643,602,0,2249
37679,1621,611,0,3499
37683,1611,630,0,1816
37687,1639,653,0,552
37691,1643,638,0,1929
37695,1625,668,0,4095
37699,1606,683,0,2697
37703,1640,723,0,739
37707,1656,765,0,1609
37711,1635,763,0,4043
37715,1613,796,0,3042
37719,1637,815,0,787
37723,1640,844,0,1196
37727,1619,872,0,3704
37731,1609,875,0,3355
37735,1614,923,0,1051
37739,1623,985,0,1124
37743,1611,983,0,3401
37747,1578,983,0,3687
37751,1595,1019,0,1559
37755,1623,1063,0,1573
37759,1607,1086,0,4095
37763,1581,1108,0,4095
37767,1582,1127,0,3054
37771,1609,1183,0,2451
37775,1598,1208,0,4095
37779,1581,1205,0,4095
37783,1596,1249,0,2717
37787,1615,1303,0,1224
37791,1626,1321,0,2037
37795,1597,1320,0,3491
37799,1598,1380,0,2147
37803,1619,1387,0,509
37807,1619,1388,0,1560
37811,1591,1431,0,3990
37815,1577,1401,0,2925
37819,1593,1422,0,595
37823,1583,1434,0,969
37827,1563,1449,0,3470
37831,1553,1415,0,3095
37835,1551,1443,0,551
37839,1567,1465,0,447
37843,1553,1454,0,2952
37847,1518,1403,0,3349
37851,1528,1447,0,1063
37855,1555,1478,0,715
37859,1547,1469,0,2872
37863,1513,1417,0,3665
37867,1517,1462,0,1469
37871,1555,1468,0,763
37875,1556,1463,0,2443
37879,1540,1437,0,3623
37883,1527,1433,0,1635
37887,1562,1435,0,307
37891,1561,1387,0,1817
37895,1544,1384,0,4056
37899,1526,1353,0,2381
37903,1555,1375,0,215
37907,1559,1355,0,1081
37911,1524,1323,0,4025
37915,1503,1310,0,3003
37919,1509,1298,0,599
37923,1511,1271,0,1006
37927,1482,1242,0,3947
37931,1449,1167,0,3491
37935,1451,1181,0,613
37939,1461,1175,0,477
37943,1430,1115,0,3175
37947,1388,1097,0,3726
37951,1395,1077,0,1195
37955,1399,1050,0,655
37959,1368,1044,0,3013
37963,1339,989,0,4095
37967,1329,981,0,1571
37971,1344,967,0,453
37975,1341,942,0,2252
37979,1315,921,0,3922
37983,1307,893,0,2143
37987,1327,915,0,735
37991,1349,909,0,2167
37995,1315,915,0,4095
37999,1311,915,0,2595
38003,1355,927,0,683
38007,1391,983,0,1692
38011,1406,969,0,4095
38015,1415,995,0,3388
38019,1494,1085,0,946
38023,1572,1145,0,1288
38027,1612,1229,0,4095
38031,1682,1327,0,3509
39781,1199,1355,3747,3775
39786,1317,1349,3480,1861
39790,1371,1333,3289,3469
39794,1403,1287,3087,4095
39798,1439,1241,2897,3711
39802,1491,1239,2731,2001
39806,1529,1199,2566,2347
39810,1531,1161,2363,4095
39814,1532,1099,2191,2711
39818,1581,1093,2035,358
39822,1607,1067,1895,825
39826,1588,1047,1747,3449
39830,1579,1007,1597,3063
39834,1610,1001,1469,609
39838,1619,985,1361,729
39842,1599,977,1215,3173
39846,1575,955,1114,3209
39850,1575,979,1019,861
39854,1579,999,947,693
39858,1555,989,869,3015
39862,1516,994,797,3695
39866,1497,1001,745,1226
39870,1509,1013,692,287
39874,1483,1019,665,2152
39878,1461,1039,589,3704
39882,1429,1050,543,1799
39886,1444,1095,524,490
39890,1425,1115,491,1961
39894,1385,1105,438,4031
39898,1357,1115,403,2440
39902,1363,1131,379,647
39906,1337,1135,358,1506
39910,1291,1129,303,3804
39914,1230,1129,275,2595
39918,1225,1157,247,163
39922,1177,1148,211,870
39926,1107,1139,139,3875
39930,1019,1139,83,3471
39934,957,1143,25,856
39938,903,1141,0,827
39942,811,1115,0,3239
39946,715,1085,0,3321
39950,633,1093,0,948
39954,574,1081,0,731
39958,473,1075,0,2951
39962,381,1045,0,3468
39966,313,1035,0,1199
39970,265,1053,0,587
39974,182,1047,0,2605
39978,92,1017,0,4095
39982,30,1017,0,1917
39986,2,999,0,581
39990,0,995,0,2045
39994,0,995,0,3997
39998,0,1004,0,2221
40002,0,1007,0,488
40006,0,999,0,1659
40010,8,995,0,4095
40014,0,973,0,3048
40018,0,1003,0,739
40022,0,1018,0,1224
40026,0,1007,0,3829
40030,0,1022,0,3197
40034,0,1043,0,787
40038,0,1087,0,1085
40042,0,1078,0,3793
40046,0,1109,0,3900
40050,26,1147,0,1338
40054,153,1191,0,1077
40058,229,1235,0,3412
40062,317,1278,0,3929
40066,445,1365,0,1299
40070,570,1461,0,603
40074,711,1531,0,2717
40078,819,1630,0,4095
40082,959,1739,0,1710
40086,1125,1903,0,373
40090,1288,2021,0,1973
40094,1429,2154,0,4095
40098,1564,2297,0,2383
40102,1771,2483,0,350
40106,1968,2659,0,1203
40110,2105,2827,0,3555
40114,2239,3037,0,2541
40118,2446,3237,0,279
40122,2619,3491,0,780
40126,2787,3733,0,3417
40130,2933,4031,0,2863
40134,3101,4095,0,389
40138,3269,4095,0,470
40142,3398,4095,0,3013
40146,3527,4095,0,3055
40150,3666,4095,0,463
40154,3758,4095,0,324
40158,3854,4095,0,2757
40162,3959,4095,0,3454
40166,3963,4095,0,985
40170,4057,4095,0,263
40174,3977,4095,0,2329
40178,3918,4095,0,3625
40182,3899,4095,0,1435
40186,3813,4095,0,104
40190,3687,4095,0,1659
40194,3555,4095,0,3661
40198,3415,4095,0,2186
40202,3315,4095,0,373
40206,3247,4095,0,1443
40210,3091,4095,0,4029
40214,2975,4095,0,2861
40218,2887,4095,0,550
40222,2803,4095,0,1125
40226,2659,4095,0,3991
40230,2543,4095,0,3352
40234,2486,4095,0,645
40238,2387,4095,0,889
40242,2293,4095,0,3676
40246,2196,4095,0,3725
40250,2105,4095,0,1064
40254,2056,4095,0,811
40258,1951,3909,0,3129
40262,1869,3657,0,3575
40266,1769,3415,0,1136
40270,1752,3261,0,726
40274,1702,3059,0,2987
40278,1645,2879,0,4095
40282,1578,2711,0,1707
40286,1575,2567,0,519
40290,1519,2424,0,2339
40294,1496,2279,0,4095
40298,1479,2103,0,2281
40302,1485,1988,51,443
40306,1525,1863,277,1711
40310,1501,1725,476,4095
40314,1508,1597,677,2793
40318,1575,1507,939,455
40322,1587,1425,1215,1331
40326,1597,1317,1511,4095
40330,1607,1225,1815,3548
40334,1673,1135,2105,781
40338,1742,1077,2375,1068
40342,1768,1016,2607,4095
40346,1789,941,2814,3933
40350,1839,907,3039,1152
40354,1897,871,3276,877
40358,1927,807,3480,3241
40362,1934,777,3632,3692
40366,1959,749,3811,1310
40370,1995,748,3979,807
40374,1994,722,4055,3033
40378,1975,691,4083,4095
40382,1979,695,4093,2074
40386,2009,717,4079,813
40390,2031,699,4077,2411
40394,2008,710,3979,4095
40398,1995,717,3932,2389
40402,1975,755,3942,573
40406,1946,766,3929,1847
40410,1907,780,3933,4095
40414,1887,799,3960,2997
40418,1882,821,4071,718
40422,1899,867,4095,1374
40426,1957,887,4095,4007
40430,1984,912,4095,3111
40434,2155,955,4095,565
40438,2331,983,4095,1033
40442,2507,1018,4095,4005
40446,2684,1047,4095,3727
40450,2931,1081,4095,1076
40454,3217,1129,4095,935
40458,3508,1160,4095,3429
40462,3805,1183,4095,3837
40466,4095,1223,4095,1150
40470,4095,1271,4095,503
40474,4095,1291,4095,2827
40478,4095,1299,4095,4095
40482,4095,1332,4095,1848
40486,4095,1335,4095,601
40490,4095,1351,4095,2274
40494,4095,1363,4095,4071
40498,4095,1337,4095,2191
40502,4095,1351,4095,543
40506,4095,1343,4095,1971
40510,4095,1315,4095,4095
40514,4095,1291,4095,2767
40518,4095,1287,4095,533
40522,4095,1271,4095,1428
40526,4095,1260,4095,4095
40530,4095,1244,4095,3261
40534,4095,1235,4095,670
40538,4095,1215,4095,1044
40542,4095,1195,4095,3859
40546,4095,1179,4095,3469
40550,4095,1177,4095,695
40554,4095,1181,4095,660
40558,4095,1193,4095,3258
40562,4095,1187,4095,3669
40566,4095,1181,4095,1065
40570,4095,1194,4095,523
40574,3661,1196,4095,2823
40578,3255,1183,4095,3951
1780,0,1207
42472,0,1797,0,2888
42476,0,1784,0,4095
42480,0,1801,0,2875
42484,0,1810,0,713
42488,0,1789,0,2092
42492,0,1789,0,4095
42496,0,1775,0,3304
42500,0,1768,0,587
42504,0,1751,0,1460
42508,0,1723,0,4095
42512,0,1695,0,4025
42516,0,1672,0,927
42520,0,1647,0,1046
42524,0,1612,0,4095
42528,0,1573,0,4095
42532,0,1553,0,1294
42536,0,1521,0,979
42540,0,1491,0,4075
42544,0,1439,0,4095
42548,0,1419,0,1707
42552,0,1399,0,679
42556,0,1374,0,3208
42560,0,1323,0,4095
42564,0,1299,0,2001
42568,0,1299,0,376
42572,0,1270,0,2493
42576,0,1236,0,4095
42580,0,1206,0,2719
42584,0,1215,0,443
42588,0,1199,0,1843
42592,0,1187,0,4095
42596,0,1191,0,3046
42600,0,1189,0,300
42604,0,1199,0,1147
42608,6,1179,0,4095
42612,111,1192,0,3645
42616,247,1205,0,496
42620,389,1213,0,684
42624,503,1230,0,4003
42628,619,1227,0,3815
44419,2285,2073,3359,275
44423,2283,2092,3403,3565
44427,2251,2068,3420,3803
44431,2246,2069,3445,559
44435,2235,2044,3475,204
44439,2205,2027,3463,3133
44443,2159,2003,3407,4095
44447,2137,1979,3389,1093
44451,2133,1955,3391,135
44455,2095,1933,3337,2573
44459,2055,1894,3259,4095
44463,2026,1880,3220,1755
44467,2021,1874,3177,77
44471,1999,1855,3129,1823
44475,1949,1828,3047,4095
44479,1916,1815,2969,2416
44483,1933,1802,2927,99
44487,1912,1801,2868,1339
44491,1879,1772,2767,4095
44495,1861,1765,2685,3043
44499,1867,1758,2647,330
44503,1868,1749,2587,957
44507,1843,1736,2483,4095
44511,1811,1720,2396,3417
44515,1819,1727,2342,402
44519,1822,1735,2299,669
44523,1813,1717,2220,4003
44527,1784,1703,2123,3861
44531,1799,1711,2091,692
44535,1812,1725,2044,392
44539,1809,1707,1983,3275
44543,1780,1705,1907,4095
44547,1779,1690,1865,1207
44551,1784,1717,1837,296
44555,1781,1707,1802,2648
44559,1755,1691,1750,4095
44563,1755,1709,1719,1811
44567,1767,1725,1701,285
44571,1767,1719,1678,2131
44575,1739,1716,1635,4095
44579,1721,1723,1605,2376
44583,1737,1751,1612,245
44587,1727,1749,1614,1463
44591,1707,1745,1575,4095
44595,1675,1767,1559,2914
44599,1692,1771,1580,183
44603,1694,1779,1575,943
44607,1679,1788,1559,4095
44611,1660,1785,1543,3443
44615,1672,1799,1559,331
44619,1683,1819,1562,541
44623,1672,1831,1559,3880
44627,1645,1813,1546,3817
44631,1646,1847,1557,631
44635,1659,1847,1589,363
44639,1643,1855,1572,3273
44643,1627,1838,1553,4037
44647,1629,1850,1561,893
44651,1643,1851,1578,128
44655,1628,1861,1591,2665
44659,1605,1873,1563,4095
44663,1607,1873,1572,1655
44667,1627,1895,1599,109
44671,1629,1891,1597,1995
44675,1613,1877,1586,4095
44679,1592,1884,1567,2095
44683,1621,1899,1597,92
44687,1626,1919,1607,1717
44691,1606,1907,1579,4095
44695,1597,1891,1563,3541
44699,1607,1910,1587,1276
44703,1629,1911,1609,2223
44707,1619,1918,1583,4095
44711,1594,1911,1555,4095
44715,1625,1931,1579,1819
44719,1645,1934,1583,1631
44723,1639,1917,1567,4095
44727,1623,1912,1547,3654
44731,1636,1915,1561,428
44735,1651,1913,1573,189
44739,1645,1918,1554,3177
44743,1633,1907,1517,3981
44747,1635,1907,1519,838
44751,1659,1913,1529,100
44755,1658,1903,1523,2554
44759,1637,1887,1489,4095
44763,1635,1891,1480,1387
44767,1661,1901,1483,0
44771,1657,1891,1477,1827
44775,1644,1891,1449,4095
44779,1635,1875,1435,2071
44783,1656,1892,1451,0
44787,1671,1895,1439,1295
44791,1657,1874,1419,4095
44795,1644,1871,1392,2775
44799,1671,1881,1407,160
44803,1669,1870,1407,943
44807,1661,1881,1385,4095
44811,1655,1853,1369,3237
44815,1663,1880,1371,249
44819,1682,1880,1379,529
44823,1681,1874,1357,3734
44827,1657,1854,1351,3625
44831,1673,1868,1342,470
44835,1686,1867,1365,309
44839,1684,1855,1363,3308
44843,1671,1851,1331,3967
44847,1677,1849,1349,787
44851,1704,1854,1355,85
44855,1693,1862,1363,2735
44859,1675,1847,1327,4095
44863,1686,1863,1339,1532
44867,1699,1864,1355,204
44871,1701,1876,1363,2184
44875,1683,1870,1343,4095
44879,1683,1871,1354,2115
44883,1696,1879,1378,119
44887,1719,1873,1380,1551
44891,1701,1867,1356,4095
44895,1693,1875,1363,2805
44899,1714,1877,1391,220
44903,1725,1882,1405,1008
44907,1705,1880,1380,4095
44911,1695,1881,1373,3271
44915,1715,1901,1399,315
44919,1740,1913,1413,759
44923,1723,1895,1403,4095
44927,1707,1894,1383,3896
44931,1724,1903,1408,733
44935,1751,1906,1433,589
44939,1749,1902,1429,3663
44943,1723,1893,1405,4095
44947,1753,1915,1433,1192
44951,1779,1916,1459,619
44955,1784,1914,1480,3155
44959,1775,1903,1453,4095
44963,1781,1931,1484,1717
44967,1816,1941,1514,441
44971,1846,1961,1561,2487
44975,1863,1949,1563,4095
44979,1885,1982,1591,2219
44983,1957,2029,1661,260
44987,2019,2059,1709,1673
44991,2065,2087,1749,4095
44995,2117,2125,1798,2495
44999,2203,2173,1878,0
45003,2283,2226,1944,781
45007,2344,2269,1998,4087
45011,2411,2314,2065,3014
45015,2525,2379,2171,0
45019,2612,2430,2261,233
45023,2697,2479,2329,3398
45027,2767,2523,2397,3199
45031,2861,2569,2487,0
45035,2953,2643,2599,0
45039,3025,2676,2678,2675
45043,3083,2701,2733,3221
45047,3157,2725,2841,190
45051,3241,2777,2923,0
45055,3299,2795,3003,2118
45059,3304,2795,3055,3445
45063,3363,2799,3113,745
45067,3407,2828,3217,0
45071,3416,2813,3269,1464
45075,3392,2790,3276,3484
45079,3399,2783,3318,1333
45083,3401,2785,3366,0
45087,3388,2741,3415,921
45091,3333,2717,3386,3477
45095,3303,2683,3381,1966
45099,3261,2652,3404,0
45103,3219,2631,3407,496
45107,3144,2568,3352,3535
45111,3077,2533,3293,2723
45115,3035,2487,3287,0
45119,2969,2459,3257,301
45123,2889,2402,3183,3519
45127,2799,2333,3129,3323
45131,2739,2304,3081,95
45135,2683,2269,3033,84
45139,2607,2215,2971,3123
45143,2521,2159,2891,3884
45147,2453,2131,2825,672
45151,2407,2095,2778,119
45155,2343,2037,2725,2899
45159,2262,1993,2621,4095
45163,2207,1959,2571,1359
45167,2163,1934,2524,107
45171,2109,1897,2461,2285
45175,2059,1850,2382,4095
45179,1999,1827,2327,2101
45183,1976,1804,2283,237
45187,1955,1784,2239,1801
45191,1895,1759,2167,4095
45195,1852,1745,2090,2651
45199,1848,1714,2075,237
45203,1837,1717,2041,1197
45207,1801,1693,1981,4095
45211,1759,1674,1919,3308
45215,1757,1685,1909,427

47674,1847,1883,1688,4095
47678,1849,1879,1699,1725
47682,1870,1882,1735,411
47686,1880,1899,1723,2680
47690,1847,1873,1719,4095
47694,1849,1871,1709,3338
47698,1869,1899,1727,1692
47702,1883,1903,1743,2985
47706,1863,1885,1719,4095
47710,1862,1890,1725,3463
47714,1884,1893,1739,760
47718,1896,1911,1749,1099
47722,1881,1891,1741,4095
47726,1867,1897,1711,3005
47730,1883,1891,1748,0
47734,1899,1895,1747,287
47738,1885,1899,1741,3609
47742,1853,1883,1715,3755
47746,1871,1875,1737,399
47750,1880,1886,1742,183
47754,1879,1885,1735,3176
47758,1851,1877,1712,4095
47762,1851,1878,1707,948
47766,1871,1869,1738,59
47770,1869,1879,1734,2623
47774,1849,1865,1705,4095
47778,1852,1868,1700,1500
47782,1863,1873,1723,21
47786,1869,1879,1711,2009
47790,1855,1875,1695,4095
47794,1849,1865,1699,2066
47798,1865,1877,1714,0
47802,1877,1890,1717,1258
47806,1847,1883,1693,4095
47810,1839,1881,1687,2749
47814,1848,1877,1706,16
47818,1854,1907,1724,761
47822,1845,1899,1701,4095
47826,1819,1875,1693,3287
47830,1843,1895,1705,244
47834,1851,1901,1723,525
47838,1827,1894,1718,3941
47842,1823,1869,1687,3817
47846,1828,1881,1701,565
47850,1846,1897,1725,392
49944,4095,4095,4095,977
49948,4095,4095,4095,46
49952,4095,4095,4095,2458
49956,4095,4095,4095,4095
49960,4095,4095,4095,1497
49964,4095,4095,4095,0
49968,4095,4095,4095,1695
49972,4095,4095,4095,4095
49976,4073,4095,4095,2071
49980,3861,4095,4095,0
49984,3675,4095,4095,1221
49988,3437,4095,4095,4095
49992,3263,4095,4095,2809
49996,3125,4095,4095,119
50000,3001,4095,4095,799
50004,2845,4095,4095,4095
50008,2698,3994,4095,3409
50012,2600,3673,3986,345
50016,2501,3409,3801,575
50020,2389,3159,3567,4095
50024,2269,2923,3342,3934
50028,2190,2717,3189,809
50032,2111,2547,3059,593
50036,2023,2343,2899,3593
50040,1932,2159,2733,4095
50044,1875,2003,2617,1386
50048,1827,1865,2507,550
50052,1773,1715,2396,2970
50056,1693,1589,2252,4095
50060,1644,1461,2147,1971
50064,1639,1371,2074,541
50068,1599,1285,1989,2535
50072,1548,1205,1887,4095
50076,1513,1129,1810,2707
50080,1525,1095,1769,733
50084,1527,1055,1719,2099
50088,1510,1013,1654,4095
50092,1491,995,1595,3161
50096,1518,1003,1589,730
50100,1549,1021,1583,1575
50104,1561,1047,1553,4095
50108,1559,1068,1525,3753
50112,1599,1115,1555,850
50116,1658,1179,1577,1099
50120,1683,1227,1577,4095
50124,1688,1270,1575,4095
50128,1758,1331,1599,1015
50132,1807,1433,1661,692
50136,1843,1497,1676,3753
50140,1878,1575,1689,4095
50144,1927,1647,1746,1299
50148,1991,1741,1811,378
50152,2038,1828,1850,2811
50156,2059,1899,1869,4095
50160,2099,1971,1929,1765
50164,2157,2065,1993,265
50168,2198,2140,2034,2110
50172,2221,2199,2069,4095
50176,2255,2253,2109,2183
50180,2303,2344,2169,75
50184,2333,2396,2217,1455
50188,2333,2427,2239,4095
50192,2335,2472,2265,2731
50196,2389,2505,2323,22
50200,2405,2537,2363,790
50204,2387,2536,2376,4095
50208,2367,2538,2375,3281
50212,2375,2577,2405,219
50216,2383,2571,2440,411
50220,2361,2549,2445,3765
50224,2331,2537,2428,3663
50228,2325,2521,2451,437
50232,2314,2511,2467,253
50236,2290,2473,2455,3439
50240,2233,2427,2404,4095
50244,2212,2391,2412,981
50248,2207,2361,2409,247
50252,2182,2323,2381,2903
50256,2129,2247,2329,4095
50260,2108,2200,2301,1745
50264,2094,2157,2303,293
50268,2063,2104,2283,2234
50272,2011,2023,2207,4095
50276,1968,1977,2184,2264
50280,1959,1926,2168,237
50284,1932,1879,2131,1609
50288,1885,1798,2072,4095
50292,1837,1734,2012,2763
50296,1839,1685,1998,231
50300,1819,1628,1971,1161
50304,1767,1561,1916,4095
50308,1723,1500,1861,3485
50312,1723,1471,1845,440
50316,1718,1431,1815,767
50320,1671,1390,1758,4095
50324,1635,1338,1705,3879
50328,1637,1301,1673,763
50332,1624,1269,1659,606
50336,1606,1246,1625,3705
50340,1571,1189,1555,4095
50344,1563,1188,1529,1055
50348,1565,1179,1512,377
50352,1557,1151,1478,3067
50356,1517,1123,1416,4095
50360,1508,1103,1399,2152
50364,1525,1123,1389,1249
50368,1530,1111,1367,3869
50372,1496,1095,1311,4095
50376,1481,1101,1285,3775
50380,1503,1115,1291,2326
50384,1515,1128,1287,3547
50388,1481,1125,1253,4095
50392,1479,1133,1221,3256
50396,1491,1149,1235,751
50400,1517,1191,1241,1501
50404,1499,1181,1209,4095
50408,1483,1193,1181,3207
50412,1507,1236,1205,147
50416,1527,1247,1225,549
50420,1507,1259,1195,3951
50424,1501,1262,1173,3721
50428,1519,1285,1181,489
50432,1530,1315,1197,403
50436,1542,1337,1187,3677
50440,1517,1351,1165,4093
50444,1527,1381,1179,983
50448,1561,1400,1203,349
50452,1565,1431,1213,3077
50456,1542,1435,1187,4095
50460,1556,1437,1192,1363
50464,1583,1469,1237,62
50468,1594,1495,1241,2281
50472,1566,1511,1227,4095
50476,1575,1527,1236,2101
50480,1605,1560,1261,95
50484,1621,1591,1293,1625
50488,1608,1589,1279,4095
50492,1611,1588,1269,2679
50496,1642,1619,1325,94
50500,1671,1643,1358,1019
50504,1655,1642,1353,4095
50508,1659,1635,1341,3110
50512,1677,1675,1391,86
50516,1709,1677,1413,555
50520,1689,1677,1421,4095
50524,1683,1683,1423,3612
50528,1705,1691,1448,356
50532,1719,1699,1477,282
50536,1709,1705,1483,3449
50540,1706,1695,1471,4052
50544,1711,1699,1497,855
50548,1737,1717,1529,220
50552,1725,1706,1546,2884
50556,1707,1693,1541,4095
50560,1719,1705,1545,1338
50564,1737,1707,1567,148
50568,1745,1706,1581,2376
50572,1720,1685,1577,4095
50576,1706,1689,1564,2067
50580,1727,1703,1607,107
50584,1740,1685,1619,1815
50588,1720,1684,1592,4095
50592,1705,1675,1587,2767
50596,1725,1677,1619,185
50600,1738,1690,1627,1212
50604,1721,1676,1621,4095
50608,1693,1685,1605,3369
50612,1723,1699,1641,475
50616,1740,1711,1663,1043
50620,1715,1715,1663,4095
50624,1695,1737,1671,3831
50628,1710,1783,1704,637
50632,1738,1821,1770,667
50636,1747,1880,1805,4095
50640,1735,1919,1832,4095
50644,1764,2013,1897,1181
50648,1821,2115,1997,565
50652,1874,2215,2058,3079
50656,1902,2323,2124,4095
50660,1977,2459,2216,1123
50664,2092,2628,2347,0
50668,2198,2799,2467,2083
50672,2286,2969,2553,4095
50676,2409,3181,2681,1495
50680,2571,3431,2853,0
50684,2731,3688,3022,1034
50688,2858,4028,3161,3544
50692,3013,4095,3317,1829
50696,3195,4095,3539,0
50700,3381,4095,3799,411
50704,3566,4095,3976,3145
50708,3731,4095,4095,2207
50712,3975,4095,4095,0
50716,4095,4095,4095,92
50720,4095,4095,4095,3007
50724,4095,4095,4095,2731
50728,4095,4095,4095,0
50732,4095,4095,4095,0
50736,4095,4095,4095,2663
50740,4095,4095,4095,3055
,1421,1469,4095
53190,1541,1387,1430,3175
53194,1564,1395,1436,235
53198,1570,1389,1451,805
53202,1528,1388,1417,4095
53206,1509,1363,1382,3751
53210,1533,1357,1383,504
53214,1533,1385,1392,422
53218,1543,1365,1381,3647
53222,1507,1353,1337,4091
53226,1509,1369,1342,885
53230,1542,1387,1366,313
53234,1520,1395,1361,3081
53238,1514,1381,1323,4095
53242,1517,1371,1323,1470
53246,1547,1407,1338,255
53250,1565,1400,1342,2511
53254,1558,1415,1307,4095
53258,1550,1407,1301,1979
53262,1589,1433,1323,120
53266,1594,1435,1337,1791
53270,1593,1437,1317,4095
53274,1591,1439,1299,2584
53278,1625,1465,1319,73
53282,1639,1479,1340,1134
53286,1637,1469,1312,4095
53290,1619,1484,1305,3155
53294,1644,1507,1329,237
53298,1661,1523,1351,697
53302,1673,1523,1339,4095
53306,1656,1527,1322,3698
53310,1685,1531,1353,467
53314,1694,1555,1381,442
53318,1703,1564,1387,3756
53322,1671,1555,1369,4021
53326,1703,1575,1378,803
53330,1723,1581,1416,183
53334,1736,1589,1407,2972
53338,1720,1581,1399,4095
53342,1725,1593,1416,1342
53346,1751,1593,1433,123
53350,1754,1611,1445,2317
53354,1758,1592,1427,4095
53358,1747,1609,1439,2025
53362,1759,1623,1469,57
,0
57062,3128,2793,2619,0
57066,3199,2823,2643,2659
57070,3231,2815,2659,3455
57074,3295,2857,2717,189
57078,3359,2884,2751,0
57082,3389,2885,2775,1975
57086,3387,2867,2794,3486
57090,3400,2857,2803,664
57094,3433,2861,2847,0
57098,3429,2840,2869,1301
57102,3379,2793,2861,3588
57106,3338,2779,2861,1383
57110,3323,2745,2877,0
57114,3299,2709,2878,870
57118,3221,2660,2853,3784
57122,3155,2611,2835,2233
57126,3095,2569,2842,0
57130,3037,2518,2837,487
57134,2949,2459,2792,3928
57138,2855,2407,2751,3045
57142,2806,2351,2735,0
57146,2739,2300,2727,227
57150,2659,2251,2675,3693
57154,2567,2175,2627,3567
57158,2494,2129,2611,83
57162,2430,2086,2587,133
57166,2359,2023,2541,3415
57170,2263,1967,2485,4095
57174,2197,1917,2459,815
57178,2139,1883,2431,176
57182,2083,1847,2403,3097
57186,1989,1799,2331,4095
57190,1931,1757,2310,1383
57194,1899,1751,2300,25
57198,1843,1715,2270,2459
57202,1767,1679,2213,4095
57206,1715,1661,2195,2235
57210,1684,1651,2195,98
57214,1652,1629,2185,1833
57218,1571,1611,2134,4095
57222,1527,1593,2109,2909
57226,1518,1609,2109,170
57230,1493,1589,2101,1241
57234,1451,1579,2077,4095
57238,1403,1570,2044,3537
,1725,519
60760,1815,1863,1752,209
60764,1813,1864,1755,3463
60768,1804,1853,1747,4095
60772,1811,1865,1764,1033
60776,1824,1886,1807,88
60780,1839,1887,1799,2770
60784,1812,1879,1775,4095
60788,1821,1878,1789,1596
60792,1848,1899,1835,0
60796,1836,1906,1835,1851
60800,1823,1900,1827,4095
60804,1820,1900,1819,2131
60808,1847,1908,1868,0
60812,1852,1919,1880,1509
60816,1829,1919,1863,4095
60820,1832,1899,1863,3644
60824,1849,1917,1878,1179
60828,1861,1928,1907,2191
60832,1847,1915,1895,4095
60836,1828,1925,1877,4095
60840,1864,1931,1891,1705
60844,1871,1941,1939,1726
60848,1865,1947,1946,4095
60852,1839,1931,1915,4047
60856,1863,1956,1933,564
60860,1878,1955,1957,104
60864,1881,1949,1951,3129
60868,1847,1932,1930,4051
60872,1853,1951,1946,680
60876,1878,1960,1964,0
60880,1864,1945,1955,2611
60884,1847,1937,1931,4095
60888,1836,1929,1929,1370
60892,1861,1927,1955,0
60896,1845,1931,1956,1929
60900,1821,1901,1917,4095
60904,1811,1911,1928,2120
60908,1839,1925,1931,0
60912,1845,1927,1947,1301
60916,1823,1900,1903,4095
60920,1810,1912,1887,2733
60924,1837,1900,1908,0
60928,1837,1901,1912,787
60932,1827,1895,1880,4095
,2591,2351,1367,2623
64955,2719,2443,1471,0
64959,2853,2527,1578,173
64963,2963,2600,1637,3228
64967,3055,2665,1721,2697
64971,3193,2747,1831,0
64975,3324,2824,1933,0
64979,3431,2889,2021,2551
64983,3547,2935,2089,2777
64987,3663,2987,2197,0
64991,3790,3048,2293,0
64995,3886,3095,2359,1927
64999,3963,3095,2411,2895
65003,4050,3134,2486,0
65007,4095,3161,2553,0
65011,4095,3157,2615,1215
65015,4095,3135,2637,2863
65019,4095,3122,2670,388
65023,4095,3107,2715,0
65027,4051,3077,2745,695
65031,3968,3033,2728,2941
65035,3901,2975,2735,1237
65039,3819,2925,2734,0
65043,3759,2877,2748,333
65047,3643,2823,2713,3044
65051,3516,2735,2681,2043
65055,3443,2681,2677,0
65059,3351,2607,2647,116
65063,3237,2532,2611,3165
65067,3117,2469,2557,2696
65071,3037,2397,2548,0
65075,2939,2343,2521,53
65079,2843,2259,2477,3289
65083,2733,2170,2421,3562
65087,2648,2120,2403,31
65091,2577,2073,2387,0
65095,2471,2007,2350,2843
65099,2363,1929,2287,4094
65103,2297,1891,2264,879
65107,2231,1845,2253,0
65111,2164,1803,2228,2527
,1797,1875,1517,22
68640,1813,1885,1531,375
68644,1813,1870,1529,3959
68648,1784,1865,1513,3613
68652,1805,1889,1545,79
68656,1822,1879,1573,183
68660,1811,1870,1563,3671
68664,1786,1867,1553,4095
68668,1789,1869,1581,1619
68672,1810,1871,1610,1149
68676,1815,1871,1615,4095
68680,1789,1855,1599,4095
68684,1788,1866,1619,2799
68688,1800,1864,1651,1545
68692,1805,1871,1678,3379
68696,1781,1869,1661,4095
68700,1781,1855,1673,2069
68704,1791,1868,1707,0
68708,1801,1869,1723,1419
68712,1773,1875,1717,4095
68716,1768,1855,1727,2453
68720,1784,1873,1771,0
68724,1787,1879,1801,727
68728,1765,1855,1799,4095
68732,1746,1849,1798,3037
68736,1757,1868,1835,0
68740,1763,1861,1875,381
68744,1753,1849,1877,4023
68748,1723,1835,1879,3756
68752,1743,1843,1925,261
68756,1753,1866,1955,166
68760,1741,1843,1962,3413
68764,1717,1829,1959,3966
68768,1727,1834,1975,541
68772,1735,1839,2011,0
68776,1725,1851,2015,2799
68780,1709,1835,2005,4095
68784,1711,1817,2029,1241
68788,1716,1837,2039,0
68792,1719,1845,2059,2171
68796,1695,1827,2035,4095
68800,1699,1831,2027,1911
68804,1705,1839,2044,0
68808,1707,1837,2039,1511
68812,1688,1833,2014,4095
,1832,1710,2247,3744
76165,1815,1692,2233,379
76169,1791,1675,2231,491
76173,1769,1639,2183,4095
76177,1720,1613,2125,4095
76181,1709,1589,2101,701
76185,1701,1579,2075,361
76189,1676,1545,2015,3687
76193,1627,1509,1949,4095
76197,1611,1489,1903,1250
76201,1623,1497,1869,168
76205,1607,1477,1807,2955
76209,1567,1455,1727,4095
76213,1558,1429,1662,2121
76217,1573,1438,1637,364
76221,1575,1429,1579,2491
76225,1546,1400,1495,4095
76229,1529,1405,1431,2732
76233,1554,1415,1399,267
76237,1562,1419,1341,1805
76241,1531,1399,1261,4095
76245,1529,1395,1181,3381
76249,1559,1419,1141,389
76253,1573,1433,1108,1221
76257,1565,1421,1041,4095
76261,1560,1431,981,3804
76265,1576,1446,955,530
76269,1612,1463,925,915
76273,1609,1469,879,4095
76277,1596,1467,843,4095
76281,1627,1481,828,888
76285,1639,1525,823,575
76289,1653,1519,795,4053
76293,1638,1531,763,4095
76297,1653,1545,759,1334
76301,1679,1575,777,280
76305,1686,1581,787,2975
76309,1671,1577,764,4095
76313,1674,1579,775,1750
76317,1707,1612,808,0
76321,1711,1619,824,2269
76325,1689,1627,823,4095
76329,1692,1629,829,2953
76333,1719,1652,879,935
76337,1727,1663,922,2750
79391,1702,1833,1560,4095
79395,1693,1827,1548,1127
79399,1711,1847,1583,0
79403,1701,1837,1573,2543
79407,1691,1828,1558,4095
79411,1675,1829,1549,1862
79415,1700,1851,1581,0
79419,1703,1855,1594,1887
79423,1687,1820,1571,4095
79427,1683,1819,1543,2637
79431,1700,1847,1580,111
79435,1704,1852,1593,1483
79439,1689,1837,1581,4095
79443,1682,1843,1575,3293
79447,1711,1861,1594,327
79451,1718,1853,1603,1021
79455,1708,1853,1600,4095
79459,1694,1853,1603,3833
79463,1735,1867,1645,499
79467,1757,1893,1683,695
79471,1770,1885,1699,4095
79475,1775,1901,1709,4095
79479,1835,1927,1768,907
79483,1881,1955,1835,395
79487,1917,2003,1895,3483
79491,1983,2019,1939,4095
79495,2069,2067,2005,1140
79499,2160,2131,2106,10
79503,2245,2189,2199,2463
79507,2316,2232,2265,4095
79511,2419,2283,2361,1385
79515,2547,2375,2505,0
79519,2667,2423,2616,1331
79523,2750,2475,2696,3959
79527,2861,2542,2821,1707
79531,2995,2613,2951,0
79535,3113,2664,3063,458
79539,3207,2713,3135,3367
79543,3293,2762,3239,2232
79547,3416,2791,3381,0
79551,3527,2839,3465,58
79555,3590,2845,3587,2963
79559,3661,2878,3647,2507
79563,3737,2889,3731,0
79567,3775,2910,3839,0
,1733,155
81885,2025,1727,1695,2914
81889,2005,1706,1637,4095
81893,1997,1711,1621,1886
81897,2023,1711,1619,0
81901,2013,1715,1595,1947
81905,1991,1708,1559,4095
81909,1983,1703,1524,2568
81913,2004,1715,1541,70
81917,2001,1723,1531,1437
81921,1983,1701,1508,4095
81925,1975,1699,1468,3119
81929,1982,1709,1481,138
81933,1997,1718,1493,827
81937,1975,1715,1463,4095
81941,1951,1709,1444,3575
81945,1971,1721,1463,329
81949,1968,1739,1469,791
81953,1960,1734,1462,4095
81957,1935,1715,1437,4095
81961,1935,1735,1453,1927
81965,1945,1763,1471,1771
81969,1927,1757,1461,4095
81973,1887,1753,1450,4095
81977,1877,1774,1456,2260
81981,1883,1787,1492,1031
81985,1869,1799,1495,3191
81989,1819,1802,1480,4095
81993,1791,1809,1489,1545
81997,1781,1833,1515,0
82001,1763,1829,1541,1901
82005,1703,1822,1518,4095
82009,1671,1835,1506,2322
82013,1651,1833,1543,0
82017,1623,1848,1563,1357
82021,1575,1828,1542,4095
82025,1527,1835,1542,2957
82029,1517,1848,1565,0
82033,1502,1863,1581,855
82037,1463,1839,1565,4095
82041,1419,1848,1559,3515
82045,1419,1853,1577,61
82049,1404,1849,1607,393
82053,1383,1852,1595,4095
82057,1353,1864,1581,3897
