0,1944,1949,1839,1451
20,1896,1901,1818,3431
40,1805,1810,1712,3829
60,1747,1775,1711,1789
80,1767,1780,1727,431
100,1800,1818,1757,1180
120,1843,1851,1781,3642
140,1869,1898,1765,4095
160,1903,1919,1721,1913
180,1939,1963,1775,659
200,1950,1981,1791,1166
220,1955,2003,1817,3251
240,1909,2027,1887,3451
260,1883,2053,1973,1237
280,1835,2086,2087,94
300,1804,2104,2189,631
320,1734,2125,2233,3091
340,1686,2139,2237,3390
360,1689,2213,2221,1367
380,1746,2286,2217,0
400,1791,2349,2189,613
420,1865,2363,2181,3081
440,1912,2329,2163,3603
460,1957,2280,2181,1384
480,2009,2200,2216,148
500,2044,2119,2262,863
520,2070,2073,2263,3466
540,2047,2028,2276,3819
560,2031,2011,2277,1443
580,2004,2025,2287,325
600,1963,2076,2279,923
620,1845,2151,2227,3399
640,1576,2220,2147,3781
660,1271,2300,2029,1557
680,1041,2421,1909,301
700,917,2531,1784,1004
720,887,2719,1653,3391
740,979,2885,1572,3549
760,1171,2991,1523,1479
780,1387,3055,1513,147
800,1599,3095,1577,729
820,1773,3015,1747,3363
840,1868,2861,2003,4095
860,2041,2729,2255,1677
880,2160,2636,2430,233
900,2301,2599,2506,973
920,2455,2584,2533,3366
940,2596,2575,2553,3687
960,2751,2573,2614,1547
980,2891,2591,2687,452
1224,3996,4095,3211,2515
1244,4031,4095,3405,909
1264,3823,4095,3378,121
1284,2165,4095,3143,1187
1304,0,4095,2647,3832
1324,0,3507,2103,3729
1344,0,2525,1657,1465
1364,0,1676,1351,1391
1384,0,1012,1175,3116
1404,763,639,1093,4095
1424,2125,565,1132,3958
1444,3327,741,1327,1403
1464,4095,1022,1629,984
1484,4095,1331,1919,2350
1504,4095,1549,2120,4095
1524,4095,1717,2227,3224
1544,4095,1807,2281,742
1564,4095,1847,2237,379
1584,4095,1835,2136,1947
1604,4095,1769,1991,4071
1624,4095,1661,1863,3211
1644,4095,1543,1721,906
1664,4095,1431,1581,805
1684,4095,1337,1413,2327
1704,4095,1269,1253,4095
1724,4095,1171,1135,3307
1744,4095,1129,1047,983
1764,4095,1167,941,680
1784,4095,1207,866,3549
1804,4095,1303,869,4095
1824,4095,1389,965,2665
1844,4095,1519,1076,491
1864,4095,1657,1240,523
1884,4095,1714,1399,1821
1904,4095,1749,1515,3467
1924,4095,1739,1511,2729
1944,4095,1670,1379,580
1964,4095,1563,1197,635
1984,4095,1463,1023,2364
2004,4095,1388,873,3755
2024,4095,1341,778,3179
2044,3405,1333,730,1172
2064,2942,1387,781,951
2084,2927,1623,987,2101
2104,3357,2027,1363,3123
2124,4095,2501,1829,2035
2144,4095,2888,2239,0
2164,4095,3051,2453,0
2184,4095,2938,2490,825
2204,4095,2630,2425,2713
4070,4095,2549,2965,2907
4091,4095,2328,2773,2104
4111,4095,2129,2533,626
4131,4095,1966,2325,1044
4151,4095,1862,2151,2941
4171,4095,1807,2015,4003
4191,4095,1811,1956,2335
4211,4095,1875,1977,935
4231,4095,1847,2116,1273
4251,3979,1726,2341,2975
4271,2651,1651,2525,3564
4291,1267,1619,2581,2109
4311,319,1611,2531,809
4331,213,1618,2420,1149
4351,990,1623,2291,2968
4371,2163,1631,2183,3711
4391,2889,1643,2104,2311
4411,2956,1689,2020,859
4431,2775,1672,1886,1523
4451,2577,1653,1715,3272
4471,2439,1605,1546,4025
4491,2407,1571,1433,2315
4511,2431,1559,1349,1007
4531,2485,1588,1301,1445
4551,2591,1641,1247,3289
4571,2653,1703,1237,4021
4591,2675,1771,1246,3470
4611,2725,1913,1304,612
4631,2707,1999,1369,889
4651,2531,2038,1397,2719
4671,2059,2015,1421,3220
4691,1407,1983,1487,1827
4711,1069,1939,1626,547
4731,805,1880,1764,917
4751,703,1863,1827,2744
4771,807,1850,1810,3406
4791,1163,1915,1784,1909
4811,1691,2029,1775,741
4831,2235,2151,1831,1187
4851,2476,2313,2018,3015
4871,2395,2580,2407,3211
4891,2340,2915,2963,1423
4911,2771,3281,3592,0
4931,3555,3589,4095,0
4951,4095,3724,4095,1176
4971,4095,3546,4095,2230
4991,4095,3240,3826,1401
5011,4095,2857,3469,1
5031,4095,2495,3171,475
5051,4095,2139,2891,3161
6586,1997,2101,1645,3447
6607,2057,2259,1530,1623
6627,2054,2373,1305,0
6647,2171,2451,1113,279
6667,2315,2447,999,2859
6687,2395,2387,991,3967
6707,2403,2281,1035,2027
6727,2347,2191,1074,279
6747,2235,2107,1113,701
6767,2100,2039,1125,3515
6787,2020,2028,1172,4095
6807,1996,2155,1307,2149
6827,2123,2547,1723,351
6847,2517,3219,2361,125
6867,3053,4095,3039,1672
6887,3500,4095,3595,2185
6907,3501,4095,3847,823
6927,2923,4095,3846,0
6947,2615,4095,3661,0
6967,1565,3601,3355,1688
6987,334,2663,3033,3057
7007,0,1943,2769,1861
7027,0,1577,2505,829
7047,447,1427,2282,1971
7067,1336,1466,2029,3805
7087,2239,1628,1769,3829
7107,3141,1943,1551,2087
7127,4087,2313,1421,1278
7147,4095,2697,1422,1882
7167,4095,3000,1461,3274
7187,4095,3179,1519,3386
7207,4095,3177,1559,1607
7227,4095,3039,1593,725
7247,4095,2847,1595,1629
7267,3695,2542,1591,3641
7287,3006,2253,1581,3592
7307,2503,2079,1592,1842
7327,2146,2057,1621,908
7347,1887,2148,1694,1787
7367,1644,2253,1784,3229
7387,1407,2281,1855,3435
7407,1019,2216,1899,1435
7427,471,2029,1997,831
7447,0,1709,2073,1575
7467,0,1367,2070,3374
7487,0,1126,2003,3750
7507,0,1115,1965,3157
7527,0,1298,1959,2131
7547,0,1587,1977,1539
7567,0,1807,1931,3386
7744,2775,1533,1515,1191
7765,2517,1545,1567,2796
7785,2263,1685,1679,4095
7805,2264,2119,2041,2495
7825,2536,2835,2606,197
7845,2973,3710,3145,0
7865,3391,4095,3499,460
7885,3704,4095,3622,1870
7905,3723,4095,3513,1852
7925,3423,4095,3287,117
7945,3029,4095,3039,0
7965,2622,3423,2797,1363
7985,2227,2667,2597,3258
8005,1914,2083,2415,2838
8025,1657,1631,2264,1251
8045,1427,1291,2127,1293
8065,1013,1160,2039,2938
8085,0,1173,2045,4095
8105,0,1289,2137,2873
8125,0,1487,2262,1033
8145,0,1711,2383,989
8165,0,1965,2439,1971
8185,0,2284,2427,3223
8205,0,2645,2348,2639
8225,0,3021,2207,551
8245,1701,3195,2001,865
8265,3577,3303,1783,2281
8285,4095,3300,1565,3731
8305,4095,3287,1378,2847
8325,4095,3272,1263,1014
8345,4095,3180,1167,1369
8365,4095,3003,1105,2844
8385,4095,2759,1018,4024
8405,4095,2489,951,2799
8425,4095,2157,967,2102
8445,3833,1783,1071,2612
8465,2102,1252,1269,2751
8485,695,631,1544,4095
8505,0,191,1828,3133
8525,0,10,2021,1709
8545,0,55,2103,1636
8565,0,317,2083,3079
8585,0,677,2019,3945
8605,0,1069,1931,2487
8625,0,1369,1853,703
8645,0,1545,1747,1067
8665,0,1591,1637,2627
8685,792,1607,1592,3693
8705,1823,1783,1735,2508
8725,2745,2220,2157,197
8945,2899,1625,2301,1315
8966,1822,1350,2107,3519
8986,31,1055,1908,4011
9006,0,943,1895,2361
9026,0,892,1974,1383
9046,0,936,2122,1772
9066,0,1083,2237,3531
9086,0,1257,2293,3689
9106,0,1637,2247,1772
9126,0,2312,2169,367
9146,0,3208,2035,758
9166,0,4095,1779,1947
9186,692,4095,1467,2741
9206,2989,4095,1255,1625
9226,4095,4095,1112,971
9246,4095,4095,967,1678
9266,4095,4095,781,3077
9286,4095,3560,618,3513
9306,4095,1143,644,2519
9326,1421,0,869,2534
9346,0,0,1109,4095
9366,0,0,1277,4095
9386,0,0,1369,4095
9406,1387,0,1357,2583
9426,2696,0,1335,1339
9446,3909,0,1275,2029
9466,4095,0,1239,3765
9486,4095,0,1199,3781
9506,4095,333,1169,1916
9526,4095,679,1141,691
9546,4095,969,1151,1471
9566,3007,1242,1240,2940
9586,2235,1447,1339,3160
9606,1725,1623,1528,1439
9626,1623,1911,1912,3
9646,1903,2406,2509,71
9666,2477,2976,3164,883
9686,3107,3580,3742,832
9706,3695,4067,4052,0
9726,4025,4095,4087,0
9746,3960,3859,3854,0
9766,3603,3413,3566,1195
9786,3166,2981,3275,2344
9806,2760,2585,3038,1431
9826,2429,2262,2853,301
9846,2130,2022,2655,1070
9866,1805,1829,2456,3061
9886,1489,1655,2275,3683
9906,1259,1579,2147,2063
9926,1161,1595,2127,1065
11548,4095,4095,4095,1015
11568,3551,4095,4095,2067
11588,2841,4095,4095,1787
11608,2129,4095,3965,93
11628,1480,4095,3189,416
11648,551,3666,2746,2195
11668,0,2537,2467,3678
11688,0,1553,2267,2671
11708,0,743,2130,1499
11728,0,201,2075,2311
11748,0,24,2083,4095
11768,0,255,2121,4095
11788,0,845,2133,2727
11808,0,1624,2120,889
11828,0,2415,2068,1061
11848,0,3113,1965,2220
11868,2742,3647,1835,2974
11888,4095,3943,1701,2141
11908,4095,3840,1619,675
11928,4095,3545,1548,1126
11948,4095,3109,1471,2877
11968,4095,2696,1378,3837
11988,4095,2359,1352,2644
12008,4095,2065,1358,1003
12028,4095,1782,1378,1557
12048,4095,1483,1397,3041
12068,2088,1049,1425,4051
12088,0,539,1449,4024
12108,0,77,1487,2597
12128,0,0,1531,1593
12148,0,0,1549,3227
12168,0,0,1515,3830
12188,0,0,1495,2221
12208,0,0,1464,709
12228,0,0,1399,1147
12248,0,263,1239,2843
12268,0,755,1048,3340
12288,0,1115,852,2108
12308,0,1351,701,639
12328,0,1501,616,1519
12348,1685,1648,675,2936
12368,3912,1999,985,3014
12388,4095,2695,1626,1205
12408,4095,3749,2415,0
12428,4095,4095,3091,0
12448,4095,4095,3465,211
12468,4095,4095,3495,967
12488,4095,4095,3255,703
12508,4095,4095,2905,0
12528,4095,4095,2599,0
13761,0,911,2067,1622
13782,0,1139,1843,3799
13802,438,1253,1571,3835
13822,2616,1331,1365,2063
13842,4095,1403,1242,1333
13862,4095,1440,1151,2223
13882,4095,1428,1061,3851
13902,4095,1401,979,3500
13922,4095,1420,932,1883
13942,3359,1445,953,811
13962,2695,1517,999,1723
13982,2216,1595,1061,3372
14002,1886,1669,1103,3383
14022,1708,1719,1181,2927
14042,1720,1769,1275,747
14062,1799,1845,1339,1177
14082,1885,1891,1373,2975
14102,1951,1879,1391,3051
14122,1945,1839,1394,1291
14142,1867,1757,1383,503
14162,1669,1576,1362,1709
14182,737,1333,1365,3211
14202,0,1033,1432,3177
14222,0,779,1554,1628
14242,0,604,1659,779
14262,0,589,1791,1716
14282,0,818,2023,3322
14302,0,1505,2445,2829
14322,0,2553,3021,808
14342,0,3871,3613,0
14362,4095,4095,4080,0
14382,4095,4095,4095,1131
14402,4095,4095,3832,1982
14422,4095,4095,3412,927
14442,4095,4095,3003,0
14462,4095,4095,2649,748
14482,4095,4095,2357,2932
14502,4095,3165,2131,3340
14522,4095,2339,1943,1908
14542,4095,1675,1817,1270
14562,4095,1236,1720,2341
14582,4095,1013,1645,4095
14602,4095,1043,1653,3928
14622,4095,1214,1743,2103
14642,4095,1525,1880,1145
14662,4095,1831,1981,1883
14682,3101,2035,2027,3341
14702,2443,2127,1997,3119
14722,1956,2083,1929,1561
14742,1630,1951,1823,843
24029,4095,1965,1563,2061
24049,4095,1820,1487,4075
24069,4095,1615,1332,4071
24089,3928,1533,1252,1235
24109,3507,1547,1184,365
24129,3251,1582,1131,1736
24149,3119,1695,1111,4095
24169,3083,1965,1259,4095
24189,3187,2479,1659,667
24209,3341,3213,2217,0
24229,3407,3999,2735,141
24249,3187,4095,3115,1637
24269,2455,4095,3335,2165
24289,1335,3566,3383,0
24309,251,2979,3369,0
24329,0,2443,3237,442
24349,0,2044,3039,3155
24369,0,1772,2835,3876
24389,532,1640,2668,1170
24409,1814,1647,2539,346
24429,2988,1700,2454,1493
24449,3989,1743,2387,4095
24469,4095,1851,2365,3961
24489,4095,1961,2379,1433
24509,4095,2019,2361,244
24529,4095,1902,2355,1480
24549,4095,1515,2367,4095
24569,4095,879,2472,4095
24589,4055,247,2664,1771
24609,3351,0,2918,1365
24629,2683,0,3133,1877
24649,1958,0,3191,4095
24669,1106,0,3119,3861
24689,0,0,2907,1261
24709,0,0,2613,481
24729,0,255,2301,1885
24749,0,758,1995,4095
24769,0,1205,1715,3933
24789,0,1612,1519,1147
24809,0,1881,1479,169
24829,701,2023,1544,2031
24849,1966,2069,1645,4095
24869,2567,2025,1812,3519
24889,2695,1892,1926,793
24909,2635,1741,1978,105
24929,2488,1614,1975,1388
24949,2383,1530,1885,4041
24969,2347,1512,1747,3826
24989,2296,1541,1638,1134
25009,2138,1615,1525,559
36477,2038,1771,2885,1715
36497,2456,1384,2903,4095
36517,2663,951,2803,3932
36537,2687,895,2601,2273
36557,2639,1379,2335,2476
36577,2519,2515,2099,1589
36597,2294,4095,1873,4095
36617,1939,4095,1617,4095
36637,1495,4095,1365,1801
36657,1141,4095,1162,532
36677,924,4095,999,2167
36697,715,4095,803,4095
36717,421,4095,479,4095
36737,115,4095,99,2552
36757,0,4095,0,1221
36777,0,4095,0,2381
36797,0,4095,0,4095
36817,0,4095,0,4095
36837,0,4095,0,1491
36857,0,4095,0,0
36877,0,4095,0,967
36897,0,4095,0,3895
36917,0,4095,0,3799
36937,0,4095,0,751
36957,0,4095,0,0
36977,0,4095,0,850
36997,0,4095,0,4020
37017,0,2467,0,3240
37037,649,839,0,617
37057,1371,0,0,0
37077,2045,0,0,955
37097,2584,0,0,3687
37117,2863,0,0,3314
37137,3100,527,0,843
37157,3399,1161,0,0
37177,3845,1631,0,1215
37197,4095,1861,0,3736
37217,4095,1903,0,3432
37237,4095,1833,0,847
37257,4095,1663,415,0
37277,4095,1427,1573,501
37297,3580,1198,2245,2598
37317,2844,999,2504,4095
37337,2283,903,2538,2087
37357,1851,919,2501,0
37377,1550,975,2404,343
37397,1383,1045,2299,2975
37417,1342,1157,2221,3765
37437,1401,1255,2197,715
37457,1511,1379,2205,0
44160,1048,4095,3034,1896
44180,587,4095,2664,4059
44200,873,3323,2278,3573
44220,1557,2123,2011,889
44240,2347,1272,1865,541
44260,2975,824,1802,2533
44280,3399,737,1791,4095
44300,3656,953,1843,3695
44320,3768,1367,1941,487
44340,3731,1863,2042,537
44360,3544,2275,2106,2015
44380,3255,2519,2087,4095
44400,2877,2583,1978,3251
44420,2507,2457,1867,634
44440,2147,2189,1720,653
44460,1879,1883,1567,2637
44480,1741,1655,1433,4095
44500,1861,1661,1357,3469
44520,2379,2021,1369,891
44540,3237,2841,1449,839
44560,4095,3989,1448,2235
44580,4095,4095,1400,4095
44600,4095,4095,1343,4095
44620,3548,4095,1303,345
44640,2028,2699,1169,263
44660,1519,1112,967,2568
44680,1341,0,825,4095
44700,1339,0,779,3535
44720,1400,0,815,1097
44740,1139,0,910,872
44760,1022,0,1007,2887
44780,1369,0,1000,4095
44800,2069,0,953,3675
44820,2739,0,876,1323
44840,3091,0,745,1161
44860,2937,25,589,2425
44880,2414,111,483,4095
44900,1959,0,605,3299
44920,1835,0,1051,327
44940,1977,0,1831,91
44960,2251,243,2620,1461
44980,2302,741,3059,3039
45000,2087,1190,3001,2267
45020,1755,1581,2687,0
45040,1607,1847,2349,31
45060,1641,2039,2085,1917
45080,1791,2327,1893,4095
45100,1871,2535,1705,2687
45120,1558,2493,1479,303
45140,640,2219,1241,202
49086,1497,1646,1827,395
49106,3080,1881,1837,370
49126,4095,1951,1749,1939
49146,4095,1961,1645,4095
49166,4095,2197,1759,3155
49186,2843,2795,2173,110
49206,1397,3656,2776,0
49226,301,4095,3323,436
49246,0,4095,3603,2332
49266,43,4095,3555,2401
49286,1427,3881,3359,58
49306,3192,3273,3119,0
49326,4095,2841,2870,1431
49346,4095,2423,2579,4095
49366,4095,1975,2265,3684
49386,4095,1513,1957,906
49406,2856,1078,1720,840
49426,670,792,1597,2937
49446,0,743,1612,4095
49466,0,959,1767,3839
49486,0,1363,1991,905
49506,0,1845,2206,391
49526,1085,2220,2361,1897
49546,3081,2423,2439,4061
49566,4095,2449,2424,3342
49586,4095,2325,2333,653
49606,4095,2059,2193,327
49626,4095,1685,1979,2203
49646,4095,1243,1767,4095
49666,3212,853,1623,3764
49686,1432,569,1532,1133
49706,87,380,1480,859
49726,0,347,1459,2681
49746,0,463,1456,4095
49766,1033,718,1479,3315
49786,2231,1081,1476,1885
49806,3224,1493,1471,995
49826,3958,1747,1489,1719
49846,4021,1828,1443,4095
49866,3177,1705,1367,3257
49886,1637,1477,1357,439
49906,91,1251,1372,237
49926,0,1063,1403,2083
49946,0,921,1427,4095
49966,0,871,1459,3256
49986,0,892,1514,667
50006,1076,1031,1515,427
50026,2341,1221,1495,2398
50046,3210,1435,1453,4095
50066,3683,1675,1449,3291
51411,0,1747,1971,4095
51431,0,1587,2009,4095
51451,139,1501,1988,1843
51471,1557,1577,1977,295
51491,2807,1743,1945,1051
51511,3716,1938,1907,3565
51531,4029,2019,1831,4095
51551,3480,1965,1739,3165
51571,1727,1800,1631,0
51591,0,1471,1513,973
51611,0,1109,1381,4095
51631,0,811,1251,4095
51651,0,697,1208,1855
51671,0,803,1257,234
51691,0,1103,1343,1245
51711,139,1495,1407,3767
51731,1529,1831,1433,4039
51751,2488,2030,1453,1683
51771,1984,2058,1471,375
51791,379,1899,1501,1251
51811,0,1629,1516,4089
51831,0,1373,1547,3927
51851,0,1195,1597,1383
51871,0,1235,1689,0
51891,0,1467,1759,695
51911,1019,1819,1811,3219
51931,2868,2280,1845,3475
51951,4095,2719,1865,1123
51971,4095,2941,1890,0
51991,4095,2899,1895,535
52011,3016,2581,1865,2999
52031,774,2135,1863,3391
52051,0,1688,1853,1495
52071,0,1341,1862,22
52091,0,1129,1849,891
52111,0,1102,1810,3567
52131,869,1139,1727,4027
52151,2471,1299,1669,1481
52171,3737,1489,1645,0
52191,4095,1676,1621,1015
52211,4095,1809,1591,3379
52231,2989,1817,1572,3736
52251,1768,1753,1584,1403
52271,841,1597,1573,371
52291,570,1399,1559,2312
52311,1017,1291,1559,3693
52331,1980,1341,1579,3591
52351,3025,1653,1653,1471
52371,3913,2169,1781,0
52391,4095,2687,1911,873
53705,287,2034,2419,591
53726,0,1758,2351,2892
53746,0,1401,2187,4095
53766,0,1215,2068,3259
53786,0,1258,2031,761
53806,0,1450,1993,2463
53826,761,1711,1866,3830
53846,1975,1951,1721,4095
53866,2855,2125,1611,2979
53886,3110,2121,1519,413
53906,2117,1901,1437,884
53926,455,1583,1363,3356
53946,0,1272,1307,4095
53966,0,1106,1366,3063
53986,0,1107,1486,799
54006,0,1288,1605,941
54026,783,1621,1641,3177
54046,2363,2039,1635,4095
54066,3797,2443,1640,2839
54086,4095,2741,1703,165
54106,4095,2877,1805,98
54126,4095,2925,1949,1989
54146,4095,2844,2145,3543
54166,3619,2643,2367,2071
54186,1020,2351,2567,0
54206,0,2024,2703,44
54226,0,1761,2773,1964
54246,0,1590,2787,4095
54266,1174,1609,2749,2605
54286,3219,1771,2701,0
54306,4095,1949,2616,127
54326,4095,2043,2493,2409
54346,4095,1975,2313,4095
54366,4095,1726,2117,2783
54386,4095,1427,1982,358
54406,4095,1163,1907,725
54426,2761,1099,1941,2925
54446,1499,1197,2040,4095
54466,1319,1391,2173,2761
54486,2259,1720,2323,28
54506,3608,2151,2415,251
54526,4095,2533,2419,2335
54546,4095,2767,2340,3783
54566,4095,2827,2249,3340
54586,4095,2670,2119,1366
54606,4095,2303,1983,391
54626,4095,1739,1812,2854
54646,2911,1099,1625,4095
54666,1519,599,1498,3070
54686,549,359,1439,827
55883,0,1947,2309,1022
55903,0,1863,2335,0
55923,686,1880,2265,443
55943,2125,2026,2188,3144
55963,3544,2293,2131,4095
55983,4095,2591,2099,1991
56003,4095,2808,2087,0
56023,4095,2943,2086,453
56043,4095,2911,2073,3089
56063,4095,2750,2055,4095
56083,3054,2488,2066,1869
56103,1203,2195,2086,38
56123,0,1895,2119,787
56143,0,1719,2136,3531
56163,213,1768,2147,4095
56183,1705,2058,2152,2027
56203,3111,2519,2135,58
56223,4095,2995,2087,661
56243,4095,3325,1992,3189
56263,4095,3325,1850,4095
56283,4015,3042,1715,1940
56303,2222,2577,1590,187
56323,431,2021,1519,1129
56343,0,1567,1509,4095
56363,0,1315,1578,4095
56383,0,1316,1711,1913
56403,0,1517,1848,222
56423,1366,1835,1973,733
56443,2775,2333,2041,3439
56463,3977,2900,2083,4095
56483,4095,3453,2075,1869
56503,4095,3770,2060,155
56523,4095,3564,1976,533
56543,3400,2907,1839,3525
56563,1625,2147,1695,4095
56583,23,1564,1663,2390
56603,0,1593,1950,597
56623,0,2440,2565,639
56643,876,4095,3355,2328
56663,3131,4095,4095,2632
56683,4095,4095,4095,927
56703,4095,4095,4095,0
56723,4095,4095,4095,0
56743,4095,4095,4095,2285
56763,4095,4095,4042,3251
56783,4095,4095,3176,1623
56803,4095,4095,2661,59
56823,4095,4095,2349,935
56843,2327,4095,2153,4040
56863,1365,4095,2063,4095
57203,2914,1995,1771,371
57223,2932,1971,1704,1241
57243,2617,1663,1541,4095
57263,1721,1231,1444,4095
57283,554,824,1429,1849
57303,0,499,1466,1170
57323,0,277,1511,3175
57343,0,231,1555,4095
57363,0,320,1560,3995
57383,0,580,1583,1513
57403,1005,1099,1641,23
57423,2213,1862,1707,824
57443,3053,2671,1736,3420
57463,3565,3247,1723,3999
57483,3593,3384,1691,1131
57503,3148,2970,1619,0
57523,2056,2211,1489,1034
57543,861,1223,1366,4095
57563,125,543,1306,4095
57583,87,473,1508,1835
57603,907,1172,2055,0
57623,2677,2591,2792,267
57643,4095,4095,3467,1656
57663,4095,4095,3927,1992
57683,4095,4092,3960,109
57703,4095,4085,3719,0
57723,4095,4095,3323,59
57743,4095,4095,2873,2661
57763,4095,4095,2492,3483
57783,4095,3252,2191,1555
57803,4095,1779,1992,145
57823,3695,617,1849,1725
57843,2211,0,1737,4095
57863,1357,3,1688,4095
57883,1008,0,1715,2297
57903,1119,35,1816,661
57923,1639,791,1951,1525
57943,2231,1659,2088,3960
57963,2709,2381,2152,4044
57983,2990,2742,2137,1181
58003,2893,2709,2063,0
58023,2301,2395,1957,943
58043,1619,1880,1823,4095
58063,1013,1311,1705,4053
58083,607,839,1625,1708
58103,453,505,1564,453
58123,580,310,1487,1611
58143,934,307,1445,4095
58163,1527,543,1429,4078
58183,2087,889,1451,1509
62019,137,1853,1895,523
62039,0,1177,1838,1870
62059,0,611,1724,4095
62079,0,391,1654,4024
62099,0,499,1622,1724
62119,1657,825,1597,2810
62139,3405,1237,1582,2021
62159,4095,1621,1549,4095
62179,4095,1935,1501,3707
62199,4095,2077,1500,799
62219,4095,2005,1495,263
62239,3031,1705,1515,1519
62259,941,1310,1541,4095
62279,0,933,1567,3867
62299,0,717,1619,1115
62319,0,619,1651,403
62339,0,683,1653,2074
62359,523,843,1636,4095
62379,1995,1084,1597,3941
62399,3199,1367,1581,983
62419,3994,1673,1573,0
62439,4060,1875,1548,1288
62459,3135,1959,1545,3561
62479,1715,1948,1581,3358
62499,453,1823,1653,563
62519,0,1713,1746,18
62539,301,1695,1820,1273
62559,1591,1815,1837,4095
62579,2878,2013,1823,3207
62599,3811,2229,1789,569
62619,4095,2309,1757,0
62639,4023,2294,1716,1351
62659,3199,2045,1671,3940
62679,1553,1687,1643,3557
62699,0,1334,1647,663
62719,0,1059,1676,184
62739,0,939,1689,1674
62759,0,989,1709,4095
62779,1259,1173,1721,3831
62799,2800,1433,1733,556
62819,4095,1723,1738,0
62839,4095,2001,1741,1468
62859,4095,2135,1737,4095
62879,4095,2107,1735,3305
62899,4095,1912,1728,415
62919,3496,1587,1735,717
62939,1881,1255,1759,3219
62959,867,1013,1767,4005
62979,697,888,1748,3421
62999,1118,906,1752,660
64642,1165,1141,1833,4095
64663,1886,1260,1783,2783
64683,2374,1383,1684,275
64703,2620,1548,1623,729
64723,2659,1661,1573,3106
64743,2488,1711,1573,4095
64763,2021,1702,1592,2873
64783,1452,1599,1657,579
64803,1059,1435,1755,937
64823,965,1269,1804,3035
64843,1119,1189,1847,4095
64863,1397,1295,1915,2315
64883,1763,1599,2058,0
64903,2286,2071,2171,291
64923,2904,2553,2273,2375
64943,3295,2939,2316,3655
64963,3454,3181,2341,2211
64983,3347,3193,2327,0
65003,3205,2986,2287,146
65023,3272,2635,2229,2677
65043,3213,2283,2159,4095
65063,2923,1991,2091,2425
65083,2579,1787,2075,136
65103,2118,1702,2085,564
65123,1737,1707,2075,3075
65143,1525,1787,2057,4095
65163,1565,1945,2041,2506
65183,1839,2106,2071,201
65203,2158,2199,2043,556
65223,2275,2171,2019,2989
65243,1964,2066,1991,4095
65263,1203,1892,1968,2437
65283,560,1705,1961,122
65303,345,1567,1945,605
65323,536,1519,1942,4095
65343,1189,1594,1933,4095
65363,2167,1773,1947,2103
65383,2975,1980,1932,24
65403,3559,2169,1919,403
65423,3887,2303,1881,2863
65443,3852,2335,1804,4095
65463,3517,2277,1755,2265
65483,2939,2119,1780,155
65503,2070,1878,1834,664
65523,1212,1596,1865,3353
65543,709,1395,1861,4095
65563,649,1307,1864,2683
65583,914,1418,1891,613
65603,1391,1719,1949,870
65623,2106,2173,2053,3020
67148,1755,2280,1975,795
67168,1171,1993,1966,2341
67188,800,1648,1925,2443
67208,704,1439,1909,4095
67228,867,1390,1940,3367
67248,1151,1548,2001,508
67268,1561,1843,2057,295
67288,1959,2235,2105,1926
67308,2199,2585,2141,4095
67328,2207,2771,2136,3157
67348,1701,2719,2127,519
67368,505,2427,2088,357
67388,0,1992,2043,2515
67408,0,1584,2021,4095
67428,0,1629,2181,3501
67448,0,2531,2681,379
67468,757,4095,3557,0
67488,3797,4057,4095,971
67508,4095,4095,4095,2805
67528,4095,4095,4095,2619
67548,4095,4095,4095,0
67568,4095,4095,4095,0
67588,4095,4095,4095,1131
67608,4095,4095,4095,3051
67628,4095,4095,4095,2587
67648,4095,4095,4095,0
67668,3133,4095,4095,0
67688,2171,4095,4095,1379
67708,2355,4095,4095,3769
67728,2905,4095,4095,3295
67748,3495,4095,3451,591
67768,3915,4095,3003,357
67788,3913,4095,2719,2483
67808,3417,4095,2529,4095
67828,2941,4095,2393,3595
67848,2643,4095,2324,1015
67868,2460,4095,2271,793
67888,2396,2781,2211,2999
67908,2471,1917,2159,4095
67928,2607,1715,2147,3653
67948,2728,1995,2149,1061
67968,2761,2341,2130,1069
67988,2644,2439,2083,2905
68008,2239,2133,1995,4095
68028,1239,1519,1885,3596
68048,0,798,1791,1075
68068,0,215,1701,1416
68088,0,0,1637,3823
68108,0,0,1607,4095
68128,0,8,1608,4095
68787,3177,2984,2973,2216
68808,1897,535,2789,4095
68828,973,0,2663,3676
68848,615,0,2633,1374
68868,811,0,2687,1688
68888,1480,0,2780,3725
68908,2195,0,2833,4095
68928,2671,0,2797,3389
68948,2847,0,2707,909
68968,2783,0,2549,877
68988,2551,0,2379,3257
69008,2287,0,2247,4095
69028,2181,0,2171,3096
69048,2298,0,2189,658
69068,2489,0,2251,809
69088,2751,0,2260,2976
69108,2933,0,2206,4095
69128,3015,0,2133,2936
69148,2984,0,2040,243
69168,2702,0,1988,1318
69188,2137,0,1880,4095
69208,1497,0,1768,4095
69228,987,0,1728,2823
69248,617,217,1692,415
69268,419,661,1640,419
69288,471,1204,1625,2772
69308,731,1823,1633,4095
69328,1139,2387,1653,2636
69348,1627,2708,1655,85
69368,1998,2757,1635,287
69388,2065,2530,1524,2715
69408,1494,2157,1405,4095
69428,373,1913,1493,3119
69448,0,2189,2063,435
69468,0,3122,3149,0
69488,0,4095,4095,821
69508,0,4095,4095,2195
69528,0,4095,4095,1559
69548,1608,4095,4095,0
69568,3752,4095,4095,0
69588,4095,4095,4095,1743
69608,4095,4095,4095,3369
69628,4095,4095,4095,2347
69648,4095,4095,4095,0
69668,3547,4095,4095,0
69688,1384,4095,4095,2105
69708,0,4095,3785,4095
69728,0,4095,2763,2915
69748,0,4095,2294,393
69768,903,4095,2153,762
71100,1389,781,1245,811
71121,631,476,1149,3507
71141,190,227,1019,4095
71161,239,179,973,3155
71181,717,317,981,631
71201,1353,613,1011,876
71221,1902,998,1012,3107
71241,2281,1397,985,4095
71261,2515,1677,951,3788
71281,2580,1817,954,1575
71301,2414,1721,923,326
71321,1873,1463,879,2980
71341,1035,1093,827,4095
71361,381,787,814,2589
71381,125,615,813,312
71401,286,566,857,609
71421,697,632,894,3029
71441,1307,764,935,4095
71461,1899,969,979,2580
71481,2361,1224,1039,231
71501,2622,1493,1077,768
71521,2678,1694,1075,3323
71541,2551,1853,1059,4095
71561,2438,2367,1343,2407
71581,2611,3480,2136,0
71601,2953,4095,3255,0
71621,3215,4095,4095,759
71641,3319,4095,4095,2036
71661,3375,4095,4095,1167
71681,3411,4095,4095,0
71701,3343,4095,4095,0
71721,3262,4095,4095,1530
71741,3129,4095,3471,3309
71761,2931,4095,2649,2492
71781,2652,4095,2159,172
71801,2101,2953,1869,895
71821,1213,1992,1775,3754
71841,248,1362,1839,4095
71861,0,1129,2069,3016
71881,0,1259,2403,676
71901,0,1629,2718,633
71921,703,2090,2897,2887
71941,1917,2476,2901,4095
71961,2899,2724,2741,2582
71981,3547,2767,2537,217
72001,3685,2579,2317,713
72021,3231,2173,2089,3373
72041,2057,1647,1865,4095
72061,633,1119,1720,3063
72081,0,698,1631,969
72426,2461,1518,1630,3306
72446,3159,1629,1679,615
72466,3411,1589,1605,21
72486,3299,1484,1503,1717
72506,2889,1286,1374,4095
72526,1961,1087,1285,3925
72546,664,935,1235,1163
72566,0,799,1215,183
72586,0,809,1261,1481
72606,0,991,1407,3651
72626,0,1369,1651,3129
72646,989,1805,1950,169
72666,2463,2151,2213,0
72686,3676,2403,2365,789
72706,4095,2523,2387,3196
72726,4095,2507,2312,3023
72746,4095,2360,2172,297
72766,4027,2147,1991,0
72786,3160,1882,1789,1487
72806,2006,1555,1611,4095
72826,744,1235,1481,3703
72846,0,998,1384,749
72866,0,870,1304,187
72886,0,827,1244,1823
72906,37,933,1194,4095
72926,1087,1166,1180,3556
72946,2150,1484,1199,529
72966,2923,1868,1259,55
72986,3399,2155,1327,1493
73006,3423,2285,1353,4095
73026,3115,2237,1371,3403
73046,2461,2071,1399,507
73066,1271,1771,1446,77
73086,167,1482,1471,1773
73106,0,1227,1451,4095
73126,0,1063,1429,3631
73146,0,1036,1397,664
73166,999,1147,1372,219
73186,1947,1343,1321,1687
73206,2591,1612,1253,4095
73226,2916,1876,1224,4095
73246,2939,2040,1242,1527
73266,2711,2075,1318,0
73286,2214,1976,1397,1547
73306,1337,1753,1469,4095
73326,503,1553,1560,3512
73346,21,1398,1620,602
73366,61,1294,1623,215
73386,631,1267,1594,1964
73406,1369,1278,1557,4095
73731,2635,2037,1333,399
73751,2667,2153,1396,895
73771,2567,2107,1356,3485
73791,2425,1979,1317,4095
73811,2271,1831,1391,2223
73831,2183,1688,1558,242
73851,2149,1624,1657,808
73871,2142,1624,1907,3391
73891,2175,1637,2387,4095
73911,2235,1655,2944,1927
73931,2313,1703,3561,0
73951,2394,1783,4095,31
73971,2459,1851,4095,2472
73991,2424,1894,4095,3743
74011,2314,1951,4095,1819
74031,2181,2002,4090,0
74051,2065,2065,4095,309
74071,1950,2125,4095,2995
74091,1737,2187,4095,4095
74111,1451,2204,4095,2351
74131,1466,2240,4095,0
74151,1709,2251,4095,467
74171,1933,2343,4095,3364
74191,2172,2407,4095,4095
74211,2488,2458,4095,2341
74231,2639,2415,4095,103
74251,2450,2265,3374,773
74271,1971,1980,1495,4095
74291,1216,1673,253,4095
74311,683,1445,0,3387
74331,605,1337,0,2215
74351,949,1546,64,2571
74371,1621,2150,803,4095
74391,2615,3162,1774,4095
74411,3895,4095,2893,1443
74431,4095,4095,4095,0
74451,4095,4095,4095,0
74471,4095,4095,4095,2109
74491,4095,4095,4095,3375
74511,4095,4095,4095,1406
74531,4095,4095,4095,0
74551,2899,4095,4095,31
74571,1758,4095,2900,3000
74591,1080,4095,2164,4095
74611,956,3047,1747,2287
74631,1332,2334,1609,485
74651,1896,1948,1559,1447
74671,2387,1805,1561,4095
74691,2679,1719,1508,4095
74711,2623,1617,1417,2299
74971,1472,1227,2263,4095
74991,1437,1127,2275,4095
75011,1305,1049,2215,1491
75031,1196,1049,2131,0
75051,1157,1138,1996,681
75071,1459,1333,1853,3564
75091,1996,1637,1798,4003
75111,2399,2063,1812,1645
75131,2613,2431,1926,0
75151,2776,2618,1974,558
75171,2761,2597,1885,3421
75191,2283,2358,1549,4095
75211,1300,2040,1063,2127
75231,263,1740,667,949
75251,0,1784,681,1971
75271,0,2295,1322,4095
75291,361,3272,2477,3464
75311,1893,4095,3771,653
75331,3963,4095,4095,0
75351,4095,4095,4095,0
75371,4095,4095,4095,2007
75391,4095,4095,4095,2869
75411,4095,4095,3389,1133
75431,4095,4095,2526,0
75451,2463,4095,1928,637
75471,1285,4095,1559,3725
75491,773,4095,1373,4095
75511,788,2893,1381,1964
75531,1303,2233,1483,442
75551,2101,1977,1609,1485
75571,2763,1967,1617,4095
75591,3224,2131,1598,4095
75611,3475,2317,1510,1965
75631,3369,2359,1390,379
75651,2797,2187,1203,1375
75671,1637,1801,1035,4095
75691,237,1327,921,4095
75711,0,921,871,2343
75731,0,697,893,756
75751,0,685,947,1691
75771,0,855,952,4095
75791,0,1051,918,4095
75811,1107,1241,829,1639
75831,2221,1437,755,53
75851,2895,1557,695,871
75871,3122,1595,669,4095
75891,3013,1577,683,4095
75911,2677,1547,712,1194
75931,2344,1471,719,0
75951,1979,1357,696,879
76714,2439,1311,1445,0
76735,2351,1423,2413,853
76755,2197,1368,3417,2583
76775,2055,1318,4095,3593
76795,1967,1279,4095,1207
76815,2071,1259,4095,0
76835,2359,1187,4095,571
76855,2764,1225,4095,3172
76875,3123,1493,4095,3054
76895,3356,2043,4095,454
76915,3452,2821,4095,0
76935,3615,3895,4095,487
76955,3830,4095,4095,2635
76975,4093,4095,4095,3975
76995,4095,4095,4095,783
77015,4095,4089,4095,0
77035,4095,4095,4095,991
77055,3991,4095,4095,4053
77075,3307,4095,4095,3962
77095,2571,4095,4095,1013
77115,1764,4095,4095,0
77135,953,4095,4095,951
77155,288,4095,4095,4087
77175,0,4061,4095,4093
77195,0,4079,4095,1235
77215,0,4095,3531,165
77235,0,4095,2812,2063
77255,0,4095,2839,4095
77275,0,4085,3155,4095
77295,0,4095,3559,1465
77315,0,4095,3923,299
77335,118,4095,3849,1567
77355,213,2463,3310,4095
77375,317,463,2655,4095
77395,798,0,2041,1619
77415,1772,0,1461,1093
77435,2806,0,967,2859
77455,3513,0,615,4095
77475,3911,0,382,4095
77495,4069,0,379,2145
77515,3937,0,606,1369
77535,3579,0,824,2975
77555,3211,0,1000,4095
77575,2924,0,1081,4095
77595,2771,0,1044,934
77615,2703,307,967,429
77635,2585,799,760,2103
77655,2333,1160,329,4095
77675,2063,1369,0,4095
77695,1783,1455,0,3007
79236,2975,1883,1915,3065
79256,3781,2028,1901,3371
79276,4009,2073,1775,2403
79296,3658,2088,1692,471
79316,3045,2027,1623,793
79336,2037,1911,1581,2611
79356,567,1753,1577,4053
79376,0,1646,1589,3951
79396,0,1599,1640,443
79416,0,1581,1672,764
79436,173,1595,1687,2667
79456,1429,1647,1692,3667
79476,2488,1707,1706,2341
79496,3198,1764,1685,445
79516,3537,1817,1705,861
79536,3373,1836,1681,2697
79556,2643,1849,1635,3726
79576,1266,1822,1629,2643
79596,123,1805,1659,933
79616,0,1773,1695,1293
79636,0,1749,1721,2987
79656,0,1752,1740,3821
79676,759,1781,1787,2137
79696,2041,1855,1851,310
79716,3124,1989,1929,631
79736,4044,2101,1964,2330
79756,4095,2197,1989,3469
79776,4095,2264,1995,2248
79796,4079,2255,2019,153
79816,2981,2191,2017,355
79836,1461,2043,2040,2591
79856,153,1879,2057,4095
79876,0,1738,2045,2535
79896,0,1677,2023,382
79916,0,1673,2004,531
79936,211,1681,1947,2941
79956,1321,1721,1875,4095
79976,2557,1791,1849,2509
79996,3608,1925,1873,211
80016,4095,2028,1866,499
80036,4095,2104,1874,2889
80056,3782,2118,1862,4095
80076,3143,2104,1837,2444
80096,2655,2069,1830,175
80116,2222,2024,1821,569
80136,1765,1955,1821,2835
80156,1214,1875,1801,4095
80176,1017,1810,1802,3887
80196,1191,1815,1829,173
80216,1562,1835,1845,474
81960,847,1973,1911,1429
81981,45,1819,1927,558
82001,0,1635,1875,2253
82021,31,1571,1843,4095
82041,814,1639,1873,3707
82061,1903,1845,1977,601
82081,2915,2147,2100,0
82101,3667,2393,2223,1385
82121,4075,2601,2313,3615
82141,4047,2678,2345,3211
82161,3708,2685,2380,375
82181,3089,2581,2407,7
82201,2211,2431,2407,1386
82221,1099,2194,2378,3896
82241,172,1955,2351,3759
82261,0,1749,2354,701
82281,0,1662,2335,100
82301,850,1693,2288,1736
82321,2126,1791,2190,4095
82341,3128,1898,2095,3629
82361,3847,2024,2031,756
82381,4095,2077,1993,61
82401,3880,2101,1965,1691
82421,3304,2068,1975,4095
82441,2238,2031,1989,3676
82461,1051,1951,2053,741
82481,233,1887,2075,285
82501,141,1817,2063,1943
82521,983,1815,1991,4095
82541,2063,1911,1947,3415
82561,2933,2057,1885,495
82581,3519,2175,1853,869
82601,3705,2207,1811,3847
82621,3420,2167,1779,4079
82641,2643,2037,1753,3243
82661,1260,1874,1766,541
82681,55,1699,1819,205
82701,0,1559,1835,1941
82721,1,1489,1822,4095
82741,1183,1516,1785,3645
82761,2367,1637,1767,872
82781,3213,1848,1747,170
82801,3719,2054,1749,1975
82821,3765,2143,1720,4095
82841,3381,2165,1723,3901
82861,2718,2091,1753,843
82881,1367,1951,1833,149
82901,137,1847,1954,1654
82921,0,1817,2095,4092
82941,0,1853,2205,3271
84605,1355,1719,1915,4095
84626,2219,1945,1978,1595
84646,2773,2285,2014,0
84666,3113,2631,2092,428
84686,3259,2863,2152,3049
84706,3151,2901,2184,3767
84726,2714,2731,2188,1381
84746,1951,2479,2213,0
84766,1141,2187,2233,488
84786,595,1935,2235,3437
84806,455,1763,2208,4095
84826,761,1711,2187,1678
84846,1562,1773,2137,0
84866,2359,1873,2083,677
84886,2847,2023,1983,3534
84906,3095,2175,1917,4095
84926,3087,2267,1869,1559
84946,2873,2311,1884,0
84966,2621,2217,1863,701
84986,2319,1993,1814,3687
85006,2069,1715,1757,4095
85026,1961,1495,1757,1709
85046,2147,1408,1779,183
85066,2451,1523,1831,971
85086,2535,1800,1897,3487
85106,2623,2235,1991,4095
85126,2682,2676,2021,1611
85146,2733,2925,2035,0
85166,2645,2862,1995,613
85186,2695,2502,1868,4095
85206,2809,2039,1749,4095
85226,2804,1631,1707,1289
85246,2666,1365,1735,0
85266,2477,1239,1799,842
85286,2296,1215,1847,3595
85306,2101,1333,1891,4095
85326,1719,1519,1896,1706
85346,1433,1725,1877,71
85366,1367,1869,1817,831
85386,1502,1908,1733,4095
85406,1716,1895,1646,4095
85426,1849,1881,1620,2040
85446,1592,1868,1651,653
85466,979,1847,1723,979
85486,501,1838,1815,3631
85506,315,1865,1895,3913
85526,364,1939,2007,1391
85546,615,2044,2091,0
85566,1117,2239,2111,479
85586,1845,2411,2091,3224
86294,975,1712,1993,813
86314,1293,1789,2072,701
86334,1725,1909,2071,2313
86354,2264,2087,2095,4095
86374,2749,2325,2188,3100
86394,3193,2536,2314,99
86414,3555,2659,2385,0
86434,3677,2655,2413,1458
86454,3391,2529,2413,3820
86474,2551,2302,2409,2963
86494,1463,2053,2414,104
86514,564,1786,2378,166
86534,123,1563,2313,2091
86554,187,1423,2201,4095
86574,628,1405,2095,3463
86594,1465,1467,2019,489
86614,2451,1597,1967,147
86634,3182,1753,1968,2104
86654,3566,1927,1979,4095
86674,3611,2068,2008,3257
86694,3375,2147,2067,407
86714,2951,2087,2079,28
86734,2515,1959,2085,2167
86754,1971,1809,2055,4095
86774,1525,1684,2011,3359
86794,1294,1651,1977,696
86814,1227,1589,1949,173
86834,1341,1612,1964,2216
86854,1757,1675,1957,4095
86874,2276,1779,1974,3182
86894,2664,1907,2021,1139
86914,2860,1994,2025,2844
86934,2899,2063,1983,2041
86954,2683,2020,1892,4095
86974,2319,1903,1803,3293
86994,2037,1783,1779,299
87014,1963,1695,1823,175
87034,1991,1643,1933,2196
87054,1979,1603,2057,4095
87074,1901,1617,2186,3385
87094,1782,1679,2315,548
87114,1613,1775,2387,483
87134,1509,1879,2359,2579
87154,1551,1928,2267,4095
87174,1749,1967,2139,3659
87194,1995,2023,2013,445
87214,1463,2053,1891,85
87234,395,2052,1805,2019
87254,0,2043,1749,4095
87274,0,2043,1750,3117
87498,102,1834,1701,812
87518,0,1567,1670,3035
87538,0,1350,1611,4095
87558,0,1307,1613,2675
87578,0,1425,1684,47
87598,0,1678,1809,455
87618,1847,1997,1915,2949
87638,3755,2279,1975,4095
87658,4095,2483,2019,2424
87678,4095,2599,2054,0
87698,4095,2579,2063,150
87718,4095,2421,2045,2493
87738,2393,2182,1991,4095
87758,1111,1958,1945,3277
87778,564,1786,1939,0
87798,871,1673,1919,372
87818,1769,1660,1903,2863
87838,2611,1741,1885,4095
87858,3295,1868,1902,2581
87878,4005,2007,1877,39
87898,4095,2101,1851,468
87918,4095,2101,1829,3044
87938,3687,1996,1806,4095
87958,2951,1815,1788,2858
87978,2651,1644,1803,684
87998,2710,1517,1827,1053
88018,2899,1453,1868,3320
88038,3041,1485,1939,4095
88058,2867,1673,2029,2265
88078,2451,1942,2184,0
88098,2080,2271,2329,157
88118,1895,2507,2396,2392
88138,1844,2615,2393,3928
88158,1755,2582,2324,2207
88178,1417,2412,2257,0
88198,778,2159,2185,253
88218,201,1885,2117,2981
88238,0,1640,2040,4095
88258,0,1497,1981,2551
88278,232,1449,1946,107
88298,1083,1519,1899,551
88318,1869,1658,1836,3052
88338,2355,1870,1790,4095
88358,2557,2070,1769,2441
88378,2569,2203,1783,0
88398,2363,2221,1785,295
88418,1611,2140,1805,3067
88438,842,1989,1819,4095
88458,316,1817,1851,2485
88478,157,1707,1907,45
89782,2399,2325,2397,621
89803,3003,2387,2351,3976
89823,3321,2365,2234,3256
89843,3436,2365,2141,438
89863,3351,2359,2075,0
89883,3063,2297,1997,1609
89903,2599,2187,1900,4095
89923,1805,2019,1805,3704
89943,1020,1875,1723,532
89963,543,1751,1645,107
89983,399,1696,1567,1823
90003,683,1699,1527,4095
90023,1399,1789,1511,3676
90043,2255,1980,1554,637
90063,2964,2148,1597,20
90083,3420,2267,1645,1621
90103,3531,2285,1670,4095
90123,3240,2229,1689,3471
90143,2441,2093,1754,523
90163,1383,1911,1837,0
90183,718,1716,1885,1943
90203,543,1577,1900,4095
90223,777,1511,1909,3517
90243,1289,1541,1925,408
90263,2003,1620,1893,6
90283,2639,1745,1871,1453
90303,3031,1863,1828,4095
90323,3159,1935,1786,3515
90343,3059,1989,1753,812
90363,2696,1999,1752,285
90383,1679,1957,1769,1805
90403,683,1883,1787,4059
90423,254,1766,1813,3657
90443,389,1703,1844,1368
90463,873,1677,1869,1033
90483,1461,1684,1874,1827
90503,2153,1775,1883,3213
90523,2635,1911,1892,2875
90543,2908,2121,1938,703
90563,2999,2336,1967,86
90583,2914,2504,2005,1321
90603,2681,2581,2031,3135
90623,1941,2541,2069,2901
90643,953,2389,2107,740
90663,293,2198,2107,382
90683,141,2005,2103,1722
90703,479,1851,2072,3643
90723,1223,1791,2005,3165
90743,2143,1816,1945,947
90763,2787,1924,1883,518
92630,3315,2510,2030,1017
92650,3977,2895,2077,2328
92670,4059,3065,2009,4041
92690,3621,3054,1977,3158
92710,2953,2868,1972,1048
92730,1966,2488,1952,869
92750,661,2054,1945,2341
92770,0,1763,2013,3729
92790,0,1695,2143,2580
92810,1077,1866,2292,519
92830,2399,2159,2423,431
92850,3509,2488,2487,1906
92870,4095,2669,2463,3320
92890,4095,2708,2413,2553
92910,4095,2599,2355,421
92930,4095,2347,2291,596
92950,4095,2026,2205,2171
92970,3175,1695,2130,3643
92990,2505,1445,2067,2747
93010,2299,1291,2065,748
93030,2488,1289,2080,755
93050,2915,1481,2136,2424
93070,3244,1911,2196,3644
93090,3292,2451,2254,2735
93110,3503,2895,2323,589
93130,3887,3175,2325,711
93150,3665,3167,2276,2264
93170,2872,2931,2205,3463
93190,2157,2617,2131,2659
93210,1640,2334,2091,2197
93230,1332,2105,2073,1615
93250,1196,1972,2091,2109
93270,1199,1993,2093,3612
93290,1239,2163,2111,2665
93310,1279,2439,2203,559
93330,1243,2680,2341,587
93350,1335,2872,2491,1935
93370,1573,2973,2581,3226
93390,1896,2987,2623,2729
93410,2130,2967,2651,907
93430,2037,2847,2579,1039
93450,1790,2645,2444,2661
93470,1465,2441,2349,4095
93490,1180,2359,2323,2781
93510,1081,2455,2422,649
93530,1279,2762,2686,554
93550,1703,3172,2961,1929
93570,2086,3729,3177,3341
93590,2447,4095,3241,2410
93610,2771,4095,3286,573
95257,4053,2915,1417,1690
95278,4095,3390,1594,285
95298,3641,3488,1405,1065
95318,2053,3183,920,3191
95338,589,2655,481,3385
95358,0,2103,287,1429
95378,405,1687,391,414
95398,1660,1519,671,1307
95418,2823,1513,1021,3179
95438,3718,1508,1357,3155
95458,4095,1493,1567,1253
95478,3989,1420,1589,381
95498,3119,1335,1407,1171
95518,1673,1231,1111,3159
95538,206,1117,827,3375
95558,0,1055,701,1513
95578,0,1102,777,476
95598,0,1299,999,1383
95618,679,1597,1245,3271
95638,2197,1863,1405,3283
95658,3379,1995,1458,1255
95678,4095,2003,1383,483
95698,4095,1877,1223,1272
95718,4039,1660,1039,3335
95738,3338,1451,876,3321
95758,2275,1302,743,1293
95778,1048,1173,659,487
95798,157,1048,629,1439
95818,0,978,687,3409
95838,73,1063,877,3193
95858,877,1331,1131,2317
95878,2104,1739,1404,1736
95898,3195,2093,1612,927
95918,3964,2291,1721,2975
95938,4095,2291,1735,3189
95958,3749,2157,1695,1245
95978,3117,1973,1599,487
95998,2279,1743,1477,1331
96018,1222,1495,1363,3399
96038,445,1269,1293,3561
96058,173,1147,1319,1523
96078,419,1182,1438,781
96098,1053,1340,1638,1641
96118,1861,1621,1843,3755
96138,2547,1997,2087,3435
96158,3051,2424,2392,1229
96178,3403,2887,2680,366
96198,3527,3317,2911,1128
96218,3412,3517,3039,2991
96238,2871,3452,3101,3063
97255,0,2415,3022,2940
97276,777,2167,2971,651
97296,1932,1907,2751,703
97316,2793,1719,2504,2174
97336,3305,1611,2251,3511
97356,3487,1562,2053,2548
97376,3244,1599,1933,648
97396,2727,1687,1928,743
97416,2085,1815,2023,2249
97436,1491,1967,2151,3571
97456,1083,2058,2265,2670
97476,978,2084,2331,744
97496,1132,1961,2271,917
97516,1421,1741,2039,2424
97536,1687,1362,1483,3815
97556,1911,889,536,2705
97576,2083,425,0,823
97596,2229,108,0,1123
97616,2301,0,0,2875
97636,2318,0,0,4095
97656,2301,105,0,3007
97676,2299,339,0,866
97696,2316,559,0,891
97716,2363,780,0,3425
97736,2461,965,0,4095
97756,2555,1125,0,2506
97776,2599,1241,0,556
97796,2601,1292,0,847
97816,2741,1288,0,2571
97836,3065,1246,0,3564
97856,3485,1171,0,2747
97876,4023,1117,0,504
97896,4095,1061,0,1019
97916,4095,1013,0,2757
97936,4095,997,0,3723
97956,4095,1015,0,3142
97976,4095,979,1317,613
97996,4095,915,2467,134
98016,4095,907,3236,1303
98036,4095,1171,3675,2159
98056,4095,1625,3835,1483
98076,4095,2104,3665,0
98096,4095,2457,3286,0
98116,4095,2521,2864,1097
98136,4095,2364,2367,2845
98156,4095,2077,1817,2663
98176,4095,1835,1307,783
98196,4095,1739,947,1204
98216,4095,1848,761,3039
98236,4095,2105,787,4095
98436,4095,2845,4095,3240
98456,4011,2648,4095,2789
98476,2823,2235,4095,585
98496,2151,1739,4095,411
98516,1867,1261,4095,2111
98536,1759,927,3551,3887
98556,1549,827,2799,3164
98576,1531,969,2215,1081
98596,1499,1160,1815,1435
98616,1147,1317,1609,3305
98636,767,1407,1555,4095
98656,554,1387,1515,3871
98676,394,1301,1513,3559
98696,441,1225,1561,1195
98716,756,1167,1592,2761
98736,1175,1157,1465,4095
98756,1544,1197,1252,2943
98776,1651,1299,1015,1006
98796,1418,1439,782,1453
98816,913,1567,611,3277
98836,541,1643,508,4095
98856,341,1673,447,3069
98876,377,1679,408,1135
98896,597,1655,359,1531
98916,999,1599,332,3261
98936,1523,1572,355,4095
98956,2147,1719,553,2531
98976,2871,2215,1007,189
98996,3671,2924,1659,345
99016,4095,3484,2313,1654
99036,4095,3643,2699,2683
99056,3740,3323,2815,1917
99076,2665,2757,2732,23
99096,1224,2089,2583,275
99116,0,1466,2402,2111
99136,0,1077,2188,3593
99156,0,1022,1974,2473
99176,855,1205,1836,491
99196,2135,1487,1721,729
99216,3097,1759,1605,2424
99236,3647,1899,1435,3623
99256,3579,1886,1269,2456
99276,2851,1780,1119,461
99296,1693,1619,1013,775
99316,492,1465,981,2589
99336,0,1380,1062,3816
99356,0,1423,1289,2503
99376,723,1663,1592,568
99396,2132,1946,1884,743
99416,3443,2197,2040,2292
99684,3175,2263,1593,3455
99705,2972,2154,1543,3140
99725,2248,1937,1421,1063
99745,1221,1737,1325,937
99765,499,1546,1276,2317
99785,300,1391,1255,4095
99805,651,1381,1303,3443
99825,1273,1493,1425,999
99845,1965,1693,1610,312
99865,2556,1995,1801,1561
99885,3001,2261,1961,3276
99905,3245,2427,2125,2837
99925,3051,2456,2223,665
99945,2269,2315,2249,189
99965,1405,2037,2199,1471
99985,921,1755,2141,3481
100005,869,1565,2099,2949
100025,1257,1505,2089,798
100045,1891,1596,2084,509
100065,2441,1741,2053,1767
100085,2873,1875,1990,3428
100105,3136,1994,1917,2976
100125,3215,2104,1855,974
100145,2997,2148,1817,453
100165,2495,2122,1800,1817
100185,1605,2055,1769,3607
100205,747,1903,1747,3159
100225,295,1765,1748,979
100245,309,1675,1781,747
100265,839,1691,1820,1927
100285,1643,1780,1837,3762
100305,2419,1897,1837,3005
100325,3087,2035,1820,901
100345,3484,2118,1799,367
100365,3417,2085,1747,3113
100385,2853,2021,1705,4095
100405,2269,1882,1673,2828
100425,2025,1688,1625,719
100445,2133,1551,1593,569
100465,2413,1497,1629,1942
100485,2601,1627,1727,3493
100505,2467,1889,1874,3154
100525,2262,2271,2060,950
100545,2183,2631,2170,695
100565,2175,2822,2173,2032
100585,2029,2807,2101,3951
100605,1712,2531,1963,3631
100625,1432,2105,1829,1419
100645,1243,1764,1818,954
100665,1258,1843,2175,1903
102332,4095,4095,4095,1257
102353,4095,4095,4095,2681
102373,4095,4095,4095,1568
102393,3891,4095,4095,0
102413,2437,4095,4095,55
102433,1381,4095,4095,2165
102453,895,3316,4095,3453
102473,1096,2634,4095,2106
102493,1900,2287,4095,413
102513,2765,2227,4095,521
102533,3383,2267,4095,2460
102553,3660,2273,4095,3449
102573,3481,2182,3528,2313
102593,2505,1938,2731,868
102613,1251,1676,2254,1736
102633,419,1525,2123,3785
102653,171,1587,2252,4095
102673,627,1871,2443,2507
102693,1747,2181,2495,632
102713,2843,2421,2381,1331
102733,3581,2551,2160,4095
102753,3835,2535,1898,4095
102773,3513,2335,1647,2020
102793,2459,1958,1437,797
102813,998,1555,1323,1693
102833,0,1225,1343,3884
102853,0,1076,1471,4095
102873,0,1133,1651,2440
102893,93,1383,1804,783
102913,997,1647,1877,1408
102933,2253,1934,1885,3401
102953,3316,2217,1865,4095
102973,4095,2403,1837,2460
102993,4095,2387,1797,981
103013,3679,2253,1807,1093
103033,2605,2277,2105,2803
103053,1847,2719,2915,3053
103073,1509,3435,4095,1151
103093,1599,4095,4095,0
103113,2087,4095,4095,0
103133,2905,4095,4095,1597
103153,4091,4095,4095,2659
103173,4095,4095,4095,1609
103193,4095,4095,4095,0
103213,4095,4095,4095,72
103233,4095,4095,4095,2319
103253,4095,3315,4095,3422
103273,2757,2635,4095,2101
103293,1055,2069,3238,604
103313,0,1757,2573,1453
103785,943,1151,1395,4095
103806,1647,1545,1637,2220
103826,2365,2229,1927,230
103846,2991,3097,2304,409
103866,3541,4095,2613,2129
103886,3859,4095,2749,2745
103906,3861,4095,2665,1645
103926,3893,4095,2461,0
103946,4045,3294,2275,405
103966,4095,2023,2109,2548
103986,4095,590,1981,3529
104006,4095,0,1945,2273
104026,4095,0,1931,568
104046,4095,0,1911,1191
104066,4051,0,1792,3162
104086,3163,0,1620,3871
104106,2489,0,1481,2301
104126,2137,0,1565,572
104146,2111,0,1887,943
104166,2186,0,2239,2815
104186,2147,0,2549,3284
104206,2027,0,2725,1757
104226,1983,0,2803,0
104246,2055,109,2796,442
104266,2207,1277,2655,2023
104286,2332,2255,2407,4095
104306,2403,2845,2097,2687
104326,2366,3108,1804,0
104346,2213,2991,1493,589
104366,2020,2741,1236,3165
104386,1807,2413,1032,4031
104406,1629,2112,893,2389
104426,1511,1852,804,871
104446,1367,1607,756,1629
104466,1239,1437,749,3900
104486,1177,1367,814,4095
104506,1195,1399,951,2569
104526,1380,1561,1148,968
104546,1660,1957,1435,1259
104566,2131,2671,1901,2661
104586,2835,3733,2615,2450
104606,3832,4095,3528,885
104626,4095,4095,4095,0
104646,4095,4095,4095,0
104666,4095,4095,4095,1163
104686,4095,4095,4095,2381
104706,4095,4095,4095,1292
104726,3363,4095,4095,0
104746,1453,4095,4095,0
104766,228,4095,3351,2165
105204,933,445,713,3321
105224,251,285,677,1813
105244,0,261,676,1130
105264,0,455,735,2341
105284,0,803,819,4095
105304,531,1291,891,3197
105324,1397,1756,980,887
105344,2191,2117,1054,586
105364,2734,2362,1132,1753
105384,3065,2548,1293,3701
105404,3289,2793,1597,2936
105424,3499,3052,2019,367
105444,3445,3271,2461,2
105464,2949,3352,2803,493
105484,2175,3303,2995,2159
105504,1403,3115,3095,2185
105524,1099,2971,3114,295
105544,1555,2909,3055,0
105564,2461,2859,2933,651
105584,3290,2823,2795,2829
105604,3913,2787,2705,2878
105624,4047,2683,2585,935
105644,3669,2489,2440,255
105664,3077,2171,2200,1622
105684,2344,1815,1959,3879
105704,1555,1545,1771,3539
105724,1015,1405,1707,1257
105744,1055,1464,1739,786
105764,1561,1658,1819,1971
105784,2184,1951,1887,3827
105804,2757,2330,1965,3405
105824,3183,2733,2035,1048
105844,3347,3017,2037,587
105864,3131,2999,1915,1865
105884,2541,2659,1682,3987
105904,1583,2053,1415,3417
105924,614,1423,1206,1341
105944,159,981,1131,861
105964,568,827,1151,2841
105984,1390,1007,1223,4095
106004,2269,1385,1333,3204
106024,2887,1769,1426,781
106044,3131,2011,1461,487
106064,2984,2012,1423,1737
106084,2461,1800,1308,3724
106104,1398,1387,1135,3232
106124,374,948,1029,1003
106144,0,687,975,763
106164,537,761,1030,2103
106184,1482,1094,1131,4052
106416,4095,4095,3929,2341
106436,4095,4095,3483,3211
106456,3511,4095,2991,1871
106476,2612,4095,2569,495
106496,1485,4095,2212,1213
106516,542,2940,1993,3547
106536,253,2095,1967,4095
106556,938,1785,2121,2083
106576,2073,1993,2348,571
106596,3111,2472,2503,1149
106616,3929,2843,2543,3049
106636,4095,2988,2451,3837
106656,3852,2749,2228,2026
106676,3173,2253,1931,695
106696,2296,1573,1629,1517
106716,1300,871,1355,3935
106736,617,356,1175,4095
106756,559,82,1101,2479
106776,931,111,1125,890
106796,1399,271,1128,1885
106816,1755,495,1107,4095
106836,1926,677,1061,3933
106856,1979,853,1032,2063
106876,1966,968,1035,1068
106896,1931,1017,1051,1503
106916,1951,1065,1081,3463
106936,2072,1103,1131,3887
106956,2247,1179,1194,1446
106976,2327,1206,1245,91
106996,2313,1207,1293,1847
107016,2207,1189,1335,4095
107036,2063,1163,1379,3183
107056,1751,1079,1439,1311
107076,1259,972,1477,151
107096,727,870,1465,932
107116,437,856,1435,3119
107136,518,917,1428,3290
107156,831,1098,1447,1566
107176,1204,1289,1468,570
107196,1546,1476,1449,1225
107216,1791,1652,1395,3336
107236,1991,1907,1405,3960
107256,2319,2423,1723,1851
107276,2972,3599,2527,525
107296,4060,4095,3721,164
107316,4095,4095,4095,2008
107336,4095,4095,4095,2401
107356,4095,4095,4095,1335
107376,4095,4095,4095,0
107396,4095,4095,4095,364
107999,2590,1263,901,3590
108019,2215,1325,955,4095
108039,1797,1229,973,2398
108059,1493,1123,1036,0
108079,1277,955,1077,615
108099,1159,831,1127,3021
108119,1115,767,1159,3847
108139,1135,767,1195,1646
108159,1191,797,1195,10
108179,1275,846,1133,875
108199,1349,917,1097,3055
108219,1334,965,1006,3967
108239,1010,985,948,2087
108259,221,983,855,447
108279,0,969,832,1655
108299,0,1013,927,3275
108319,0,1238,1189,3755
108339,79,1709,1682,1469
108359,2119,2341,2264,0
108379,4095,2943,2807,45
108399,4095,3419,3171,1717
108419,4095,3699,3333,2844
108439,4095,3659,3291,1109
108459,4095,3291,3107,0
108479,4095,2781,2807,126
108499,2611,2141,2449,2787
108519,663,1595,2155,3862
108539,159,1317,1975,2007
108559,669,1321,1899,203
108579,1463,1507,1849,1001
108599,2213,1684,1848,3480
108619,2696,1819,1844,3994
108639,2874,1835,1789,2027
108659,2592,1751,1720,307
108679,1391,1593,1645,1065
108699,0,1450,1607,3749
108719,0,1335,1587,4095
108739,0,1293,1614,2003
108759,0,1379,1629,333
108779,0,1509,1657,1131
108799,1781,1683,1639,3419
108819,3213,1786,1583,4095
108839,4095,1803,1521,1977
108859,4095,1708,1415,253
108879,3871,1533,1305,868
108899,2642,1317,1147,3310
108919,984,1105,1005,4095
108939,0,975,905,2096
108959,0,921,879,389
108979,0,1017,917,995
110671,0,1691,1813,2521
110692,0,1681,1868,267
110712,0,1661,1933,839
110732,0,1725,2025,3327
110752,0,1881,2102,4095
110772,173,2057,2167,2104
110792,2504,2284,2187,77
110812,4095,2439,2157,615
110832,4095,2411,2057,3098
110852,4095,2299,1909,4095
110872,4095,2159,1801,2100
110892,4095,1956,1700,375
110912,4095,1684,1612,927
110932,4095,1373,1509,3286
110952,1709,1097,1395,4095
110972,0,941,1311,2091
110992,0,941,1307,2463
111012,0,1107,1359,2079
111032,0,1338,1391,3091
111052,1118,1591,1405,4095
111072,2473,1798,1384,1864
111092,3307,1944,1333,359
111112,3602,1909,1262,761
111132,3014,1893,1199,3469
111152,1703,1775,1151,4095
111172,201,1643,1141,2055
111192,0,1555,1178,529
111212,0,1485,1209,1261
111232,0,1467,1251,4095
111252,0,1529,1359,4095
111272,0,1876,1651,2187
111292,0,2445,2203,0
111312,921,3103,2949,0
111332,2352,3763,3721,1613
111352,3839,4095,4095,2297
111372,4095,4095,4095,1023
111392,4095,4095,4095,0
111412,4095,4095,4095,0
111432,4095,3883,3815,2121
111452,4095,3487,3243,3707
111472,4095,3007,2811,1867
111492,4095,2523,2445,247
111512,4095,1920,2123,960
111532,3772,1421,1847,3693
111552,1321,1165,1699,4095
111572,581,1237,1721,2421
111592,1515,1517,1850,655
111612,3129,1892,2003,1135
111632,4095,2265,2117,3653
111652,4095,2493,2175,4095
112026,0,1099,1305,281
112046,0,1065,1309,1483
112066,0,1069,1259,3885
112086,0,1165,1247,3867
112106,0,1368,1293,1257
112126,0,1623,1355,405
112146,1304,1863,1415,1470
112166,2813,2087,1447,4095
112186,3837,2184,1463,4095
112206,4095,2229,1491,1463
112226,4095,2203,1572,135
112246,3175,2155,1687,891
112266,2115,2163,1868,3160
112286,1139,2246,2163,3153
112306,721,2386,2534,765
112326,1227,2556,2887,0
112346,2719,2735,3131,213
112366,4095,2917,3219,2469
112386,4095,3003,3160,2865
112406,4095,2973,3029,747
112426,4095,2780,2859,0
112446,4095,2413,2651,749
112466,4095,2005,2385,3695
112486,3643,1594,2142,3767
112506,1471,1300,1971,1165
112526,141,1243,1929,362
112546,0,1386,2009,1575
112566,255,1703,2187,4095
112586,1869,2039,2331,3801
112606,3706,2333,2456,1102
112626,4095,2569,2485,72
112646,4095,2639,2452,1067
112666,4095,2555,2331,3707
112686,4095,2333,2147,3950
112706,4095,2031,1983,1302
112726,4095,1701,1807,424
112746,1887,1373,1669,1805
112766,187,1133,1547,4095
112786,0,1039,1485,4051
112806,0,1108,1482,1481
112826,0,1326,1530,671
112846,868,1597,1571,1487
112866,2195,1863,1571,4095
112886,3101,2041,1560,4095
112906,3542,2095,1531,949
112926,3049,1991,1497,11
112946,1769,1820,1464,1435
112966,462,1637,1432,3947
112986,0,1487,1429,3805
113006,0,1466,1485,1209
113335,4095,3352,3337,3165
113356,4095,2733,3012,765
113376,4095,2117,2653,28
113396,4095,1579,2379,1251
113416,4095,1163,2108,3976
113436,2203,933,1869,3992
113456,483,888,1762,1439
113476,0,1014,1743,639
113496,0,1303,1835,1797
113516,0,1651,1917,4095
113536,1231,1995,1979,3877
113556,2577,2251,2039,1260
113576,3637,2414,2035,326
113596,4095,2427,1996,1413
113616,4095,2292,1903,4095
113636,3657,2059,1824,3899
113656,2995,1803,1746,1196
113676,2193,1545,1687,537
113696,1258,1354,1626,1899
113716,539,1223,1575,4095
113736,226,1196,1547,3961
113756,462,1305,1525,1183
113776,1093,1467,1517,360
113796,1799,1695,1517,1763
113816,2377,1871,1489,4095
113836,2765,2009,1479,3939
113856,2919,2053,1507,581
113876,2779,1978,1515,182
113896,2407,1833,1519,1379
113916,1759,1687,1496,3827
113936,997,1582,1517,3539
113956,395,1515,1567,907
113976,57,1507,1640,179
113996,150,1563,1695,1508
114016,629,1645,1725,3917
114036,1339,1747,1724,3957
114056,1932,1823,1710,1583
114076,2329,1896,1711,593
114096,2565,1981,1720,1670
114116,2777,2211,1849,3308
114136,3229,2728,2247,3263
114156,4095,3481,2885,423
114176,4095,4095,3579,0
114196,4095,4095,4089,107
114216,4095,4095,4095,2196
114236,4095,4095,3933,2553
114256,4095,3478,3577,381
114276,4095,2823,3261,0
114296,3463,2285,2999,747
114316,2760,1893,2762,3669
115767,0,1533,1374,4095
115787,615,1595,1343,2771
115807,1797,1607,1277,419
115827,2706,1621,1213,531
115847,3299,1639,1173,2767
115867,3491,1618,1135,4095
115887,3241,1573,1097,2954
115907,2439,1523,1080,495
115927,1123,1479,1077,877
115947,83,1477,1070,3065
115967,0,1548,1127,4095
115987,0,1851,1403,2787
116007,523,2581,2005,0
116027,2205,3564,2838,0
116047,4095,4087,3790,549
116067,4095,4095,4095,1895
116087,4095,4095,4095,1471
116107,4095,4095,4095,0
116127,4095,4095,4095,0
116147,4095,4095,4095,925
116167,4095,4095,4095,2899
116187,4095,3017,3153,2303
116207,2043,2071,2536,473
116227,505,1389,2188,696
116247,0,1096,1983,3166
116267,0,1086,1903,4095
116287,0,1323,1926,3167
116307,667,1681,2020,655
116327,1785,2029,2136,636
116347,2940,2283,2196,2575
116367,3832,2425,2170,4095
116387,4095,2413,2057,3049
116407,3828,2325,1896,505
116427,3271,2125,1693,714
116447,2679,1869,1499,2910
116467,1967,1607,1350,4095
116487,1097,1395,1240,3244
116507,319,1259,1177,1053
116527,0,1239,1146,1181
116547,11,1309,1133,3380
116567,727,1479,1125,4095
116587,1560,1685,1124,3087
116607,2263,1891,1139,523
116627,2663,2008,1163,531
116647,2744,2003,1141,4029
116667,2541,1839,1124,4095
116687,1847,1639,1117,2488
116707,915,1437,1145,115
116727,310,1342,1191,426
116747,467,1397,1244,2515
